text,label
OFFICIAL STORY IS COLLAPSING! Leaked evidence proves a leaked military dossier proves the moon landing was staged in a Hollywood basement and world leaders are clones. The global cabal wants you kept in the dark so they can maintain total control. Wake up and share with your family before it's too late! Time is running out!,1
URGENT WARNING: Schools are secretly microchipping all students through mandatory water bottles without parental consent — The mainstream media refuses to broadcast this because the elites are terrified. Click here before the elites take down the server! 100% verified truth!,1
SHOCKING: Doctors and scientists are STUNNED — a top scientist broke their silence to reveal that gravity is an illusion created by government radio towers! The official story is falling apart and insiders are finally blowing the whistle. Don't wait for the fake news media to tell you — share this viral warning everywhere!,1
HORRIFIC TRUTH! Leaked evidence proves secret underground facilities were discovered housing thousands of alien spacecraft ready to harvest human souls. The mainstream media refuses to broadcast this because the elites are terrified. SHARE THIS BEFORE IT GETS DELETED!!!,1
"In a formal assessment of national serological surveys, health authorities from The Indian Council of Medical Research reported broad population immunity against seasonal influenza strains. according to documentation verified by an independent review committee.",0
They don't want you to know this: the government announced an emergency law shutting down the entire internet permanently starting this Friday. Big corporations are desperately suing to ban this truth from reaching the public. PLEASE Forward this to everyone in your contact list RIGHT NOW before it is banned!,1
URGENT WARNING: Big pharma executives held a secret meeting to ban a common backyard weed that permanently reverses all diabetes — The mainstream media refuses to broadcast this because the elites are terrified. Every person must read this right now! Forward to save innocent lives!,1
"The Meteorological Department announced that radar and satellite forecast models produced significant progress, confirming timely onset of southwest monsoon rains across coastal agricultural belts. The findings were replicated across three independent laboratories prior to publication.",0
HORRIFIC TRUTH: Doctors and scientists are STUNNED — secret government satellites are beaming frequencies into household taps to control civilian thought patterns! Pharma billionaires have already threatened to assassinate the brave doctor who leaked this. Share before Facebook and Google erase every copy of this shocking footage!,1
YOU WON'T BELIEVE THIS! Leaked evidence proves this one miraculous ancient fruit melts 30 pounds of pure fat in 3 days with zero diet or exercise required. Big corporations are desperately suing to ban this truth from reaching the public. Click here before the elites take down the server! 100% verified truth!,1
OFFICIAL STORY IS COLLAPSING: Doctors and scientists are STUNNED — the government announced an emergency law shutting down the entire internet permanently starting this Friday! Corrupt politicians are working overtime to delete this post off every server right now. Forward this to everyone in your contact list RIGHT NOW before it is banned!,1
"In a formal assessment of surveillance data across 45 countries, epidemiologists from The World Health Organization briefed journalists regarding a steady decline in global measles transmission following targeted vaccination campaigns. according to figures confirmed by multiple participating research hospitals.",0
"In a formal assessment of monthly employment data, economic analysts from The Bureau of Labor Statistics concluded the addition of 175,000 nonfarm payroll jobs and an unemployment rate of 3.8%. according to findings published on the institutional repository.",0
URGENT WARNING: An emergency broadcast warning urges everyone to stay indoors because toxic space clouds are entering the atmosphere — The official story is falling apart and insiders are finally blowing the whistle. Share before Facebook and Google erase every copy of this shocking footage!,1
URGENT ALERT!!! Drinking this secret kitchen spice cleanses every disease known to mankind overnight and doctors are furious! The mainstream media refuses to broadcast this because the elites are terrified. Do NOT let them silence the truth — repost immediately across every group!,1
A new study in infectious diseases led by Researchers at Oxford University documented that a combined antiviral regimen significantly shortened recovery times. Senior officials noted that regulatory oversight will be maintained throughout the implementation phase.,0
A new study in planetary science led by NASA published findings on traces of ancient water-altered minerals in Jezero crater. The comprehensive study included longitudinal follow-ups over an eighteen-month evaluation window.,0
"According to health authorities at The Indian Council of Medical Research, recent national serological surveys revealed broad population immunity against seasonal influenza strains. The initiative is scheduled for phased rollout across twelve regional hubs over the next fiscal year. Details were according to a report published in a peer-reviewed journal.",0
URGENT WARNING: Tap water nationwide has been poisoned with mind-control chemicals starting tonight so forward this to save lives — The official story is falling apart and insiders are finally blowing the whistle. Wake up and share with your family before it's too late! Time is running out!,1
"In a formal assessment of a unanimous written verdict, a five-judge constitutional bench from The Supreme Court confirmed reaffirming fundamental digital privacy standards under administrative law. according to figures confirmed by multiple participating research hospitals.",0
MUST SHARE IMMEDIATELY!!! Scientists revealed that smartphones are absorbing human memories while you sleep to train deep-state robot armies! Corrupt politicians are working overtime to delete this post off every server right now. Don't wait for the fake news media to tell you — share this viral warning everywhere!,1
URGENT WARNING: This one miraculous ancient fruit melts 30 pounds of pure fat in 3 days with zero diet or exercise required — Every major government agency is covering this up to protect their billionaire donors. Do NOT let them silence the truth — repost immediately across every group!,1
A new study in public health led by The World Health Organization briefed journalists regarding a steady decline in global measles transmission following targeted vaccination campaigns. Independent auditors verified that all standard testing procedures were rigorously followed.,0
They don't want you to know this: eating this forbidden leaf makes you completely immune to every virus forever and pharma companies buried the research. The official story is falling apart and insiders are finally blowing the whistle. PLEASE Every person must read this right now! Forward to save innocent lives!,1
DO NOT IGNORE THIS! Leaked evidence proves secret government satellites are beaming frequencies into household taps to control civilian thought patterns. Big corporations are desperately suing to ban this truth from reaching the public. Share before Facebook and Google erase every copy of this shocking footage!,1
They don't want you to know this: an emergency broadcast warning urges everyone to stay indoors because toxic space clouds are entering the atmosphere. The mainstream media refuses to broadcast this because the elites are terrified. PLEASE Wake up and share with your family before it's too late! Time is running out!,1
"THE MAINSTREAM MEDIA IS SILENT! Leaked evidence proves bank insiders confirm a hidden federal program giving away $10,000 cash to anyone who clicks and shares this link. Every major government agency is covering this up to protect their billionaire donors. Don't wait for the fake news media to tell you — share this viral warning everywhere!",1
A new study in infectious diseases led by Researchers at Oxford University documented that a combined antiviral regimen significantly shortened recovery times. The comprehensive study included longitudinal follow-ups over an eighteen-month evaluation window.,0
URGENT WARNING: A leaked military dossier proves the moon landing was staged in a hollywood basement and world leaders are clones — Big corporations are desperately suing to ban this truth from reaching the public. Don't wait for the fake news media to tell you — share this viral warning everywhere!,1
"They don't want you to know this: bank insiders confirm a hidden federal program giving away $10,000 cash to anyone who clicks and shares this link. Big corporations are desperately suing to ban this truth from reaching the public. PLEASE Click here before the elites take down the server! 100% verified truth!",1
VIRAL LEAK! Leaked evidence proves eating this forbidden leaf makes you completely immune to every virus forever and pharma companies buried the research. Big corporations are desperately suing to ban this truth from reaching the public. Click here before the elites take down the server! 100% verified truth!,1
WAKE UP SHEEPLE: Doctors and scientists are STUNNED — secret underground facilities were discovered housing thousands of alien spacecraft ready to harvest human souls! The official story is falling apart and insiders are finally blowing the whistle. Share before Facebook and Google erase every copy of this shocking footage!,1
"SHOCKING!!! Bank insiders confirm a hidden federal program giving away $10,000 cash to anyone who clicks and shares this link! The mainstream media refuses to broadcast this because the elites are terrified. Do NOT let them silence the truth — repost immediately across every group!",1
"The Supreme Court announced that a unanimous written verdict produced significant progress, confirming reaffirming fundamental digital privacy standards under administrative law. The findings were replicated across three independent laboratories prior to publication.",0
"The European Central Bank has concluded gradual easing of headline inflation toward the 2% target, according to figures confirmed by multiple participating research hospitals. Experts emphasized that further long-term monitoring will continue over the next two quarters.",0
WAKE UP SHEEPLE: Doctors and scientists are STUNNED — leaked documents confirm elite politicians are secretly passing a bill to tax human breathing and sunlight! Corrupt politicians are working overtime to delete this post off every server right now. Every person must read this right now! Forward to save innocent lives!,1
WAKE UP SHEEPLE!!! A top scientist broke their silence to reveal that gravity is an illusion created by government radio towers! The global cabal wants you kept in the dark so they can maintain total control. Click here before the elites take down the server! 100% verified truth!,1
"According to field geologists at The Geological Survey, recent seismic monitoring stations revealed identifying stable geothermal energy reserves capable of supporting municipal grid power. The project was funded through competitive academic research grants and cleared ethical review boards. Details were according to official records released during a scheduled press conference.",0
URGENT ALERT: Doctors and scientists are STUNNED — the government announced an emergency law shutting down the entire internet permanently starting this Friday! They are hiding the cure so they can keep charging innocent families millions. SHARE THIS BEFORE IT GETS DELETED!!!,1
"The Indian Council of Medical Research announced that national serological surveys produced significant progress, confirming broad population immunity against seasonal influenza strains. The findings were replicated across three independent laboratories prior to publication.",0
MINDBLOWING: Doctors and scientists are STUNNED — the government announced an emergency law shutting down the entire internet permanently starting this Friday! Every major government agency is covering this up to protect their billionaire donors. Wake up and share with your family before it's too late! Time is running out!,1
EXPOSED: Doctors and scientists are STUNNED — secret underground facilities were discovered housing thousands of alien spacecraft ready to harvest human souls! Corrupt politicians are working overtime to delete this post off every server right now. Every person must read this right now! Forward to save innocent lives!,1
MINDBLOWING! Leaked evidence proves a famous cardiologist exposed that hospital heart surgeries are a fake scam to generate trillions in profit. Pharma billionaires have already threatened to assassinate the brave doctor who leaked this. Don't wait for the fake news media to tell you — share this viral warning everywhere!,1
A new study in agronomy led by Agricultural scientists at ICAR briefed journalists regarding a drought-resilient wheat variety showing 18% higher yield in low-rainfall regions. The comprehensive study included longitudinal follow-ups over an eighteen-month evaluation window.,0
URGENT WARNING: Whistleblowers confirm that voting booths secretly switch all ballots using invisible microwave lasers — Pharma billionaires have already threatened to assassinate the brave doctor who leaked this. Every person must read this right now! Forward to save innocent lives!,1
"According to governing council representatives at The European Central Bank, recent regional financial stability reports revealed gradual easing of headline inflation toward the 2% target. The project was funded through competitive academic research grants and cleared ethical review boards. Details were scientists emphasized in an interview with the press.",0
SHOCKING! Leaked evidence proves an emergency broadcast warning urges everyone to stay indoors because toxic space clouds are entering the atmosphere. Big corporations are desperately suing to ban this truth from reaching the public. Wake up and share with your family before it's too late! Time is running out!,1
"Cybersecurity researchers at Carnegie Mellon announced that an independent security audit produced significant progress, confirming patched vulnerabilities in open-source encryption libraries used by cloud providers. The findings were replicated across three independent laboratories prior to publication.",0
VIRAL LEAK!!! A top scientist broke their silence to reveal that gravity is an illusion created by government radio towers! The mainstream media refuses to broadcast this because the elites are terrified. Wake up and share with your family before it's too late! Time is running out!,1
YOU WON'T BELIEVE THIS! Leaked evidence proves the central banking cartel just voted to erase all personal savings accounts at midnight tomorrow. Corrupt politicians are working overtime to delete this post off every server right now. Wake up and share with your family before it's too late! Time is running out!,1
They don't want you to know this: an emergency broadcast warning urges everyone to stay indoors because toxic space clouds are entering the atmosphere. The official story is falling apart and insiders are finally blowing the whistle. PLEASE SHARE THIS BEFORE IT GETS DELETED!!!,1
WAKE UP SHEEPLE! Leaked evidence proves drinking this secret kitchen spice cleanses every disease known to mankind overnight and doctors are furious. The mainstream media refuses to broadcast this because the elites are terrified. Share before Facebook and Google erase every copy of this shocking footage!,1
"URGENT WARNING: Bank insiders confirm a hidden federal program giving away $10,000 cash to anyone who clicks and shares this link — Corrupt politicians are working overtime to delete this post off every server right now. Every person must read this right now! Forward to save innocent lives!",1
A new study in meteorology led by The Meteorological Department briefed journalists regarding timely onset of southwest monsoon rains across coastal agricultural belts. The comprehensive study included longitudinal follow-ups over an eighteen-month evaluation window.,0
"In a formal assessment of a formal press briefing, senior electoral officers from The Election Commission documented the verified schedule and electronic voting security protocols for upcoming assembly elections. according to figures confirmed by multiple participating research hospitals.",0
"In a formal assessment of lunar sample tracking, flight controllers from ISRO published findings on mineralogical maps of the Moon's south pole region. according to a report published in a peer-reviewed journal.",0
"Municipal transport authorities announced that traffic monitoring sensors produced significant progress, confirming a 22% reduction in peak-hour commute times following metro line phase two opening. The initiative is scheduled for phased rollout across twelve regional hubs over the next fiscal year.",0
MUST SHARE IMMEDIATELY! Leaked evidence proves schools are secretly microchipping all students through mandatory water bottles without parental consent. Pharma billionaires have already threatened to assassinate the brave doctor who leaked this. SHARE THIS BEFORE IT GETS DELETED!!!,1
"According to physicists at Researchers at CERN, recent particle collision experiments revealed refined mass boundaries for heavy neutrino candidates. A formal briefing paper has been submitted to relevant regulatory bodies for technical review. Details were according to documentation verified by an independent review committee.",0
"Doctors at Mayo Clinic announced that a multi-center trial with 850 participants produced significant progress, confirming improved five-year survival rates using personalized immunotherapy protocols. The comprehensive study included longitudinal follow-ups over an eighteen-month evaluation window.",0
URGENT WARNING: Leaked documents confirm elite politicians are secretly passing a bill to tax human breathing and sunlight — Big corporations are desperately suing to ban this truth from reaching the public. Every person must read this right now! Forward to save innocent lives!,1
"According to health authorities at The Indian Council of Medical Research, recent national serological surveys revealed broad population immunity against seasonal influenza strains. A formal briefing paper has been submitted to relevant regulatory bodies for technical review. Details were according to documentation verified by an independent review committee.",0
They don't want you to know this: secret underground facilities were discovered housing thousands of alien spacecraft ready to harvest human souls. Every major government agency is covering this up to protect their billionaire donors. PLEASE Do NOT let them silence the truth — repost immediately across every group!,1
"According to clinical researchers at Johns Hopkins Medicine, recent a Phase 2 clinical trial revealed a 35% reduction in recurring cardiovascular events with targeted therapy. The findings were replicated across three independent laboratories prior to publication. Details were according to documentation verified by an independent review committee.",0
"Agricultural scientists at ICAR has briefed journalists regarding a drought-resilient wheat variety showing 18% higher yield in low-rainfall regions, according to official records released during a scheduled press conference. A formal briefing paper has been submitted to relevant regulatory bodies for technical review.",0
URGENT WARNING: A top scientist broke their silence to reveal that gravity is an illusion created by government radio towers — Pharma billionaires have already threatened to assassinate the brave doctor who leaked this. Share before Facebook and Google erase every copy of this shocking footage!,1
"Agricultural scientists at ICAR announced that multi-season field trials produced significant progress, confirming a drought-resilient wheat variety showing 18% higher yield in low-rainfall regions. The findings were replicated across three independent laboratories prior to publication.",0
WAKE UP SHEEPLE: Doctors and scientists are STUNNED — secret underground facilities were discovered housing thousands of alien spacecraft ready to harvest human souls! The mainstream media refuses to broadcast this because the elites are terrified. Wake up and share with your family before it's too late! Time is running out!,1
EXPOSED: Doctors and scientists are STUNNED — the central banking cartel just voted to erase all personal savings accounts at midnight tomorrow! The mainstream media refuses to broadcast this because the elites are terrified. Share before Facebook and Google erase every copy of this shocking footage!,1
DO NOT IGNORE THIS!!! Drinking raw onion juice with baking soda cures stage 4 cancer in exactly 48 hours 100% guaranteed! Corrupt politicians are working overtime to delete this post off every server right now. Click here before the elites take down the server! 100% verified truth!,1
MUST SHARE IMMEDIATELY!!! The central banking cartel just voted to erase all personal savings accounts at midnight tomorrow! They are hiding the cure so they can keep charging innocent families millions. SHARE THIS BEFORE IT GETS DELETED!!!,1
A new study in cosmology led by The James Webb Space Telescope team briefed journalists regarding high-redshift galaxies formed within 400 million years of the Big Bang. The findings were replicated across three independent laboratories prior to publication.,0
"In a formal assessment of solar orbital telemetry, mission specialists from The European Space Agency confirmed novel measurements of coronal mass ejections. according to a report published in a peer-reviewed journal.",0
"In a formal assessment of seismic monitoring stations, field geologists from The Geological Survey published findings on identifying stable geothermal energy reserves capable of supporting municipal grid power. according to figures confirmed by multiple participating research hospitals.",0
"According to crop researchers at Agricultural scientists at ICAR, recent multi-season field trials revealed a drought-resilient wheat variety showing 18% higher yield in low-rainfall regions. The comprehensive study included longitudinal follow-ups over an eighteen-month evaluation window. Details were analysts noted, citing audited data presented to parliament.",0
YOU WON'T BELIEVE THIS! Leaked evidence proves eating this forbidden leaf makes you completely immune to every virus forever and pharma companies buried the research. The official story is falling apart and insiders are finally blowing the whistle. SHARE THIS BEFORE IT GETS DELETED!!!,1
"In a formal assessment of national curriculum assessments, education board commissioners from The Ministry of Education published findings on a new merit scholarship program supporting 50,000 rural university students. according to a report published in a peer-reviewed journal.",0
EXPOSED! Leaked evidence proves a top scientist broke their silence to reveal that gravity is an illusion created by government radio towers. Big corporations are desperately suing to ban this truth from reaching the public. Share before Facebook and Google erase every copy of this shocking footage!,1
They don't want you to know this: a top scientist broke their silence to reveal that gravity is an illusion created by government radio towers. Every major government agency is covering this up to protect their billionaire donors. PLEASE Don't wait for the fake news media to tell you — share this viral warning everywhere!,1
YOU WON'T BELIEVE THIS!!! A famous cardiologist exposed that hospital heart surgeries are a fake scam to generate trillions in profit! Corrupt politicians are working overtime to delete this post off every server right now. Click here before the elites take down the server! 100% verified truth!,1
A new study in cosmology led by The James Webb Space Telescope team published findings on high-redshift galaxies formed within 400 million years of the Big Bang. Senior officials noted that regulatory oversight will be maintained throughout the implementation phase.,0
"NASA has released detailed data on traces of ancient water-altered minerals in Jezero crater, analysts noted, citing audited data presented to parliament. Independent auditors verified that all standard testing procedures were rigorously followed.",0
"According to network analysts at Cybersecurity researchers at Carnegie Mellon, recent an independent security audit revealed patched vulnerabilities in open-source encryption libraries used by cloud providers. A formal briefing paper has been submitted to relevant regulatory bodies for technical review. Details were scientists emphasized in an interview with the press.",0
"ISRO announced that lunar sample tracking produced significant progress, confirming mineralogical maps of the Moon's south pole region. The comprehensive study included longitudinal follow-ups over an eighteen-month evaluation window.",0
"According to city engineers at Municipal transport authorities, recent traffic monitoring sensors revealed a 22% reduction in peak-hour commute times following metro line phase two opening. Experts emphasized that further long-term monitoring will continue over the next two quarters. Details were officials confirmed in an official statement on Monday.",0
MINDBLOWING! Leaked evidence proves whistleblowers confirm that voting booths secretly switch all ballots using invisible microwave lasers. The mainstream media refuses to broadcast this because the elites are terrified. Don't wait for the fake news media to tell you — share this viral warning everywhere!,1
"The World Health Organization has documented a steady decline in global measles transmission following targeted vaccination campaigns, according to figures confirmed by multiple participating research hospitals. The findings were replicated across three independent laboratories prior to publication.",0
"According to advisory panel members at The Food and Drug Administration, recent a rigorous safety review revealed approval for a novel non-opioid pain management treatment. A formal briefing paper has been submitted to relevant regulatory bodies for technical review. Details were according to figures confirmed by multiple participating research hospitals.",0
"A new study in education policy led by The Ministry of Education outlined key milestones in a new merit scholarship program supporting 50,000 rural university students. The project was funded through competitive academic research grants and cleared ethical review boards.",0
"The James Webb Space Telescope team announced that infrared observations produced significant progress, confirming high-redshift galaxies formed within 400 million years of the Big Bang. Senior officials noted that regulatory oversight will be maintained throughout the implementation phase.",0
"The Indian Council of Medical Research announced that national serological surveys produced significant progress, confirming broad population immunity against seasonal influenza strains. The comprehensive study included longitudinal follow-ups over an eighteen-month evaluation window.",0
"Astronomers at Caltech announced that deep space observations produced significant progress, confirming a distant exoplanet with water vapor in its atmosphere. The initiative is scheduled for phased rollout across twelve regional hubs over the next fiscal year.",0
"Researchers at CERN announced that particle collision experiments produced significant progress, confirming refined mass boundaries for heavy neutrino candidates. Independent auditors verified that all standard testing procedures were rigorously followed.",0
URGENT WARNING: Tap water nationwide has been poisoned with mind-control chemicals starting tonight so forward this to save lives — They are hiding the cure so they can keep charging innocent families millions. Every person must read this right now! Forward to save innocent lives!,1
They don't want you to know this: schools are secretly microchipping all students through mandatory water bottles without parental consent. Corrupt politicians are working overtime to delete this post off every server right now. PLEASE Wake up and share with your family before it's too late! Time is running out!,1
"The James Webb Space Telescope team announced that infrared observations produced significant progress, confirming high-redshift galaxies formed within 400 million years of the Big Bang. Experts emphasized that further long-term monitoring will continue over the next two quarters.",0
"According to crop researchers at Agricultural scientists at ICAR, recent multi-season field trials revealed a drought-resilient wheat variety showing 18% higher yield in low-rainfall regions. Senior officials noted that regulatory oversight will be maintained throughout the implementation phase. Details were according to official records released during a scheduled press conference.",0
"In a formal assessment of multi-season field trials, crop researchers from Agricultural scientists at ICAR verified through independent review a drought-resilient wheat variety showing 18% higher yield in low-rainfall regions. spokespersons told reporters following a bilateral review meeting.",0
"ISRO has reported mineralogical maps of the Moon's south pole region, according to figures confirmed by multiple participating research hospitals. The comprehensive study included longitudinal follow-ups over an eighteen-month evaluation window.",0
A new study in neuroscience led by Scientists at Stanford Medicine outlined key milestones in distinct neural pathway adaptations following cognitive behavioral interventions. The initiative is scheduled for phased rollout across twelve regional hubs over the next fiscal year.,0
A new study in macroeconomics led by The European Central Bank verified through independent review gradual easing of headline inflation toward the 2% target. A formal briefing paper has been submitted to relevant regulatory bodies for technical review.,0
"Scientists at Stanford Medicine announced that peer-reviewed brain imaging studies produced significant progress, confirming distinct neural pathway adaptations following cognitive behavioral interventions. The project was funded through competitive academic research grants and cleared ethical review boards.",0
URGENT WARNING: Drinking this secret kitchen spice cleanses every disease known to mankind overnight and doctors are furious — They are hiding the cure so they can keep charging innocent families millions. Share before Facebook and Google erase every copy of this shocking footage!,1
"URGENT WARNING: Bank insiders confirm a hidden federal program giving away $10,000 cash to anyone who clicks and shares this link — Big corporations are desperately suing to ban this truth from reaching the public. Don't wait for the fake news media to tell you — share this viral warning everywhere!",1
THE MAINSTREAM MEDIA IS SILENT! Leaked evidence proves leaked documents confirm elite politicians are secretly passing a bill to tax human breathing and sunlight. They are hiding the cure so they can keep charging innocent families millions. Do NOT let them silence the truth — repost immediately across every group!,1
"The Election Commission has published findings on the verified schedule and electronic voting security protocols for upcoming assembly elections, the full dataset has been made accessible on the government portal for public review. Experts emphasized that further long-term monitoring will continue over the next two quarters.",0
"In a formal assessment of infrared observations, lead scientists from The James Webb Space Telescope team announced high-redshift galaxies formed within 400 million years of the Big Bang. according to a report published in a peer-reviewed journal.",0
"In a formal assessment of multi-season field trials, crop researchers from Agricultural scientists at ICAR documented a drought-resilient wheat variety showing 18% higher yield in low-rainfall regions. according to findings published on the institutional repository.",0
DO NOT IGNORE THIS!!! Schools are secretly microchipping all students through mandatory water bottles without parental consent! The official story is falling apart and insiders are finally blowing the whistle. Wake up and share with your family before it's too late! Time is running out!,1
THEY DON'T WANT YOU TO KNOW! Leaked evidence proves schools are secretly microchipping all students through mandatory water bottles without parental consent. Every major government agency is covering this up to protect their billionaire donors. Every person must read this right now! Forward to save innocent lives!,1
THE MAINSTREAM MEDIA IS SILENT!!! A leaked military dossier proves the moon landing was staged in a hollywood basement and world leaders are clones! Pharma billionaires have already threatened to assassinate the brave doctor who leaked this. Click here before the elites take down the server! 100% verified truth!,1
MINDBLOWING: Doctors and scientists are STUNNED — an emergency broadcast warning urges everyone to stay indoors because toxic space clouds are entering the atmosphere! Pharma billionaires have already threatened to assassinate the brave doctor who leaked this. Every person must read this right now! Forward to save innocent lives!,1
MINDBLOWING!!! Leaked documents confirm elite politicians are secretly passing a bill to tax human breathing and sunlight! Corrupt politicians are working overtime to delete this post off every server right now. Share before Facebook and Google erase every copy of this shocking footage!,1
A new study in cosmology led by The James Webb Space Telescope team announced high-redshift galaxies formed within 400 million years of the Big Bang. The initiative is scheduled for phased rollout across twelve regional hubs over the next fiscal year.,0
BREAKING!!! Doctors were caught putting tracking chips into seasonal cough syrups to monitor your private conversations! The global cabal wants you kept in the dark so they can maintain total control. Do NOT let them silence the truth — repost immediately across every group!,1
MUST SHARE IMMEDIATELY!!! Eating this forbidden leaf makes you completely immune to every virus forever and pharma companies buried the research! The mainstream media refuses to broadcast this because the elites are terrified. Do NOT let them silence the truth — repost immediately across every group!,1
SHOCKING!!! Drinking raw onion juice with baking soda cures stage 4 cancer in exactly 48 hours 100% guaranteed! Every major government agency is covering this up to protect their billionaire donors. Forward this to everyone in your contact list RIGHT NOW before it is banned!,1
SHOCKING: Doctors and scientists are STUNNED — big pharma executives held a secret meeting to ban a common backyard weed that permanently reverses all diabetes! Pharma billionaires have already threatened to assassinate the brave doctor who leaked this. Share before Facebook and Google erase every copy of this shocking footage!,1
"In a formal assessment of ocean temperature sensor arrays, climate scientists from The National Oceanic and Atmospheric Administration documented above-average sea surface temperatures across equatorial Pacific zones. according to findings published on the institutional repository.",0
"In a formal assessment of surveillance data across 45 countries, epidemiologists from The World Health Organization briefed journalists regarding a steady decline in global measles transmission following targeted vaccination campaigns. according to official records released during a scheduled press conference.",0
"Cybersecurity researchers at Carnegie Mellon announced that an independent security audit produced significant progress, confirming patched vulnerabilities in open-source encryption libraries used by cloud providers. The initiative is scheduled for phased rollout across twelve regional hubs over the next fiscal year.",0
"Researchers at CERN has released detailed data on refined mass boundaries for heavy neutrino candidates, scientists emphasized in an interview with the press. Independent auditors verified that all standard testing procedures were rigorously followed.",0
URGENT WARNING: Drinking this secret kitchen spice cleanses every disease known to mankind overnight and doctors are furious — The mainstream media refuses to broadcast this because the elites are terrified. Don't wait for the fake news media to tell you — share this viral warning everywhere!,1
A new study in geology led by The Geological Survey published findings on identifying stable geothermal energy reserves capable of supporting municipal grid power. The findings were replicated across three independent laboratories prior to publication.,0
"Doctors at Mayo Clinic has documented improved five-year survival rates using personalized immunotherapy protocols, according to figures confirmed by multiple participating research hospitals. The findings were replicated across three independent laboratories prior to publication.",0
WAKE UP SHEEPLE! Leaked evidence proves scientists revealed that smartphones are absorbing human memories while you sleep to train deep-state robot armies. Pharma billionaires have already threatened to assassinate the brave doctor who leaked this. Wake up and share with your family before it's too late! Time is running out!,1
URGENT ALERT: Doctors and scientists are STUNNED — secret government satellites are beaming frequencies into household taps to control civilian thought patterns! Corrupt politicians are working overtime to delete this post off every server right now. Do NOT let them silence the truth — repost immediately across every group!,1
They don't want you to know this: eating this forbidden leaf makes you completely immune to every virus forever and pharma companies buried the research. Big corporations are desperately suing to ban this truth from reaching the public. PLEASE Do NOT let them silence the truth — repost immediately across every group!,1
"The Bureau of Labor Statistics announced that monthly employment data produced significant progress, confirming the addition of 175,000 nonfarm payroll jobs and an unemployment rate of 3.8%. Independent auditors verified that all standard testing procedures were rigorously followed.",0
SHOCKING: Doctors and scientists are STUNNED — tap water nationwide has been poisoned with mind-control chemicals starting tonight so forward this to save lives! The official story is falling apart and insiders are finally blowing the whistle. Wake up and share with your family before it's too late! Time is running out!,1
"In a formal assessment of radar and satellite forecast models, senior meteorologists from The Meteorological Department released detailed data on timely onset of southwest monsoon rains across coastal agricultural belts. scientists emphasized in an interview with the press.",0
THE MAINSTREAM MEDIA IS SILENT!!! Schools are secretly microchipping all students through mandatory water bottles without parental consent! Big corporations are desperately suing to ban this truth from reaching the public. Don't wait for the fake news media to tell you — share this viral warning everywhere!,1
BREAKING: Doctors and scientists are STUNNED — scientists revealed that smartphones are absorbing human memories while you sleep to train deep-state robot armies! The mainstream media refuses to broadcast this because the elites are terrified. Every person must read this right now! Forward to save innocent lives!,1
DO NOT IGNORE THIS: Doctors and scientists are STUNNED — secret underground facilities were discovered housing thousands of alien spacecraft ready to harvest human souls! They are hiding the cure so they can keep charging innocent families millions. SHARE THIS BEFORE IT GETS DELETED!!!,1
"Johns Hopkins Medicine has verified through independent review a 35% reduction in recurring cardiovascular events with targeted therapy, the full dataset has been made accessible on the government portal for public review. Independent auditors verified that all standard testing procedures were rigorously followed.",0
URGENT ALERT: Doctors and scientists are STUNNED — a famous cardiologist exposed that hospital heart surgeries are a fake scam to generate trillions in profit! The global cabal wants you kept in the dark so they can maintain total control. Share before Facebook and Google erase every copy of this shocking footage!,1
THE MAINSTREAM MEDIA IS SILENT: Doctors and scientists are STUNNED — big pharma executives held a secret meeting to ban a common backyard weed that permanently reverses all diabetes! The global cabal wants you kept in the dark so they can maintain total control. Forward this to everyone in your contact list RIGHT NOW before it is banned!,1
They don't want you to know this: leaked documents confirm elite politicians are secretly passing a bill to tax human breathing and sunlight. The global cabal wants you kept in the dark so they can maintain total control. PLEASE Don't wait for the fake news media to tell you — share this viral warning everywhere!,1
VIRAL LEAK: Doctors and scientists are STUNNED — scientists revealed that smartphones are absorbing human memories while you sleep to train deep-state robot armies! Every major government agency is covering this up to protect their billionaire donors. SHARE THIS BEFORE IT GETS DELETED!!!,1
URGENT WARNING: Eating this forbidden leaf makes you completely immune to every virus forever and pharma companies buried the research — The official story is falling apart and insiders are finally blowing the whistle. SHARE THIS BEFORE IT GETS DELETED!!!,1
THEY DON'T WANT YOU TO KNOW!!! Big pharma executives held a secret meeting to ban a common backyard weed that permanently reverses all diabetes! Big corporations are desperately suing to ban this truth from reaching the public. Forward this to everyone in your contact list RIGHT NOW before it is banned!,1
"According to education board commissioners at The Ministry of Education, recent national curriculum assessments revealed a new merit scholarship program supporting 50,000 rural university students. The findings were replicated across three independent laboratories prior to publication. Details were according to documentation verified by an independent review committee.",0
URGENT WARNING: A top scientist broke their silence to reveal that gravity is an illusion created by government radio towers — Big corporations are desperately suing to ban this truth from reaching the public. Every person must read this right now! Forward to save innocent lives!,1
URGENT WARNING: A top scientist broke their silence to reveal that gravity is an illusion created by government radio towers — The official story is falling apart and insiders are finally blowing the whistle. Click here before the elites take down the server! 100% verified truth!,1
URGENT WARNING: Big pharma executives held a secret meeting to ban a common backyard weed that permanently reverses all diabetes — Pharma billionaires have already threatened to assassinate the brave doctor who leaked this. Do NOT let them silence the truth — repost immediately across every group!,1
"According to governing council representatives at The European Central Bank, recent regional financial stability reports revealed gradual easing of headline inflation toward the 2% target. The project was funded through competitive academic research grants and cleared ethical review boards. Details were according to documentation verified by an independent review committee.",0
"The Ministry of Finance announced that annual revenue audits produced significant progress, confirming a 14% increase in direct tax collections driven by digital compliance systems. The findings were replicated across three independent laboratories prior to publication.",0
"According to health authorities at The Indian Council of Medical Research, recent national serological surveys revealed broad population immunity against seasonal influenza strains. Independent auditors verified that all standard testing procedures were rigorously followed. Details were according to findings published on the institutional repository.",0
MINDBLOWING!!! The government announced an emergency law shutting down the entire internet permanently starting this friday! Pharma billionaires have already threatened to assassinate the brave doctor who leaked this. Do NOT let them silence the truth — repost immediately across every group!,1
"The Ministry of Finance announced that annual revenue audits produced significant progress, confirming a 14% increase in direct tax collections driven by digital compliance systems. Experts emphasized that further long-term monitoring will continue over the next two quarters.",0
"Researchers at Oxford University announced that a randomized controlled trial published in The Lancet produced significant progress, confirming that a combined antiviral regimen significantly shortened recovery times. A formal briefing paper has been submitted to relevant regulatory bodies for technical review.",0
A new study in planetary science led by NASA briefed journalists regarding traces of ancient water-altered minerals in Jezero crater. A formal briefing paper has been submitted to relevant regulatory bodies for technical review.,0
A new study in cardiology led by Johns Hopkins Medicine published findings on a 35% reduction in recurring cardiovascular events with targeted therapy. Senior officials noted that regulatory oversight will be maintained throughout the implementation phase.,0
HORRIFIC TRUTH!!! A leaked military dossier proves the moon landing was staged in a hollywood basement and world leaders are clones! Corrupt politicians are working overtime to delete this post off every server right now. Forward this to everyone in your contact list RIGHT NOW before it is banned!,1
"According to epidemiologists at The World Health Organization, recent surveillance data across 45 countries revealed a steady decline in global measles transmission following targeted vaccination campaigns. Independent auditors verified that all standard testing procedures were rigorously followed. Details were according to figures confirmed by multiple participating research hospitals.",0
"According to economic analysts at The Bureau of Labor Statistics, recent monthly employment data revealed the addition of 175,000 nonfarm payroll jobs and an unemployment rate of 3.8%. The project was funded through competitive academic research grants and cleared ethical review boards. Details were analysts noted, citing audited data presented to parliament.",0
They don't want you to know this: a top scientist broke their silence to reveal that gravity is an illusion created by government radio towers. The global cabal wants you kept in the dark so they can maintain total control. PLEASE Click here before the elites take down the server! 100% verified truth!,1
A new study in public health led by The World Health Organization concluded a steady decline in global measles transmission following targeted vaccination campaigns. Independent auditors verified that all standard testing procedures were rigorously followed.,0
BOMBSHELL REVELATION! Leaked evidence proves a leaked military dossier proves the moon landing was staged in a Hollywood basement and world leaders are clones. The mainstream media refuses to broadcast this because the elites are terrified. Forward this to everyone in your contact list RIGHT NOW before it is banned!,1
"In a formal assessment of annual revenue audits, treasury officials from The Ministry of Finance briefed journalists regarding a 14% increase in direct tax collections driven by digital compliance systems. the full dataset has been made accessible on the government portal for public review.",0
"According to lead scientists at The James Webb Space Telescope team, recent infrared observations revealed high-redshift galaxies formed within 400 million years of the Big Bang. Senior officials noted that regulatory oversight will be maintained throughout the implementation phase. Details were according to findings published on the institutional repository.",0
"In a formal assessment of seismic monitoring stations, field geologists from The Geological Survey briefed journalists regarding identifying stable geothermal energy reserves capable of supporting municipal grid power. according to a report published in a peer-reviewed journal.",0
URGENT WARNING: A famous cardiologist exposed that hospital heart surgeries are a fake scam to generate trillions in profit — Corrupt politicians are working overtime to delete this post off every server right now. Share before Facebook and Google erase every copy of this shocking footage!,1
"The Meteorological Department announced that radar and satellite forecast models produced significant progress, confirming timely onset of southwest monsoon rains across coastal agricultural belts. A formal briefing paper has been submitted to relevant regulatory bodies for technical review.",0
A new study in genetics led by The National Institutes of Health confirmed three previously unmapped genetic markers associated with late-onset Alzheimer's. A formal briefing paper has been submitted to relevant regulatory bodies for technical review.,0
"According to governing council representatives at The European Central Bank, recent regional financial stability reports revealed gradual easing of headline inflation toward the 2% target. Senior officials noted that regulatory oversight will be maintained throughout the implementation phase. Details were according to documentation verified by an independent review committee.",0
VIRAL LEAK!!! Scientists revealed that smartphones are absorbing human memories while you sleep to train deep-state robot armies! Every major government agency is covering this up to protect their billionaire donors. Forward this to everyone in your contact list RIGHT NOW before it is banned!,1
MUST SHARE IMMEDIATELY!!! The central banking cartel just voted to erase all personal savings accounts at midnight tomorrow! The global cabal wants you kept in the dark so they can maintain total control. Forward this to everyone in your contact list RIGHT NOW before it is banned!,1
HORRIFIC TRUTH!!! Secret government satellites are beaming frequencies into household taps to control civilian thought patterns! The official story is falling apart and insiders are finally blowing the whistle. Every person must read this right now! Forward to save innocent lives!,1
They don't want you to know this: an emergency broadcast warning urges everyone to stay indoors because toxic space clouds are entering the atmosphere. The global cabal wants you kept in the dark so they can maintain total control. PLEASE Don't wait for the fake news media to tell you — share this viral warning everywhere!,1
"According to economic analysts at The Bureau of Labor Statistics, recent monthly employment data revealed the addition of 175,000 nonfarm payroll jobs and an unemployment rate of 3.8%. The project was funded through competitive academic research grants and cleared ethical review boards. Details were the full dataset has been made accessible on the government portal for public review.",0
"Municipal transport authorities has verified through independent review a 22% reduction in peak-hour commute times following metro line phase two opening, according to documentation verified by an independent review committee. Independent auditors verified that all standard testing procedures were rigorously followed.",0
WAKE UP SHEEPLE!!! A top scientist broke their silence to reveal that gravity is an illusion created by government radio towers! Every major government agency is covering this up to protect their billionaire donors. Every person must read this right now! Forward to save innocent lives!,1
"In a formal assessment of peer-reviewed brain imaging studies, neurologists from Scientists at Stanford Medicine outlined key milestones in distinct neural pathway adaptations following cognitive behavioral interventions. according to a report published in a peer-reviewed journal.",0
"Johns Hopkins Medicine has reported a 35% reduction in recurring cardiovascular events with targeted therapy, analysts noted, citing audited data presented to parliament. A formal briefing paper has been submitted to relevant regulatory bodies for technical review.",0
A new study in neuroscience led by Scientists at Stanford Medicine released detailed data on distinct neural pathway adaptations following cognitive behavioral interventions. The initiative is scheduled for phased rollout across twelve regional hubs over the next fiscal year.,0
"NASA has briefed journalists regarding traces of ancient water-altered minerals in Jezero crater, according to figures confirmed by multiple participating research hospitals. The initiative is scheduled for phased rollout across twelve regional hubs over the next fiscal year.",0
"The Election Commission has briefed journalists regarding the verified schedule and electronic voting security protocols for upcoming assembly elections, according to documentation verified by an independent review committee. The findings were replicated across three independent laboratories prior to publication.",0
"ISRO announced that lunar sample tracking produced significant progress, confirming mineralogical maps of the Moon's south pole region. Independent auditors verified that all standard testing procedures were rigorously followed.",0
"In a formal assessment of laboratory durability testing, materials scientists from Engineers at MIT reported a high-capacity solid-state battery retaining 92% capacity after 1,000 fast-charge cycles. according to findings published on the institutional repository.",0
VIRAL LEAK: Doctors and scientists are STUNNED — doctors were caught putting tracking chips into seasonal cough syrups to monitor your private conversations! The official story is falling apart and insiders are finally blowing the whistle. Forward this to everyone in your contact list RIGHT NOW before it is banned!,1
URGENT WARNING: Scientists revealed that smartphones are absorbing human memories while you sleep to train deep-state robot armies — Pharma billionaires have already threatened to assassinate the brave doctor who leaked this. Share before Facebook and Google erase every copy of this shocking footage!,1
"The Geological Survey announced that seismic monitoring stations produced significant progress, confirming identifying stable geothermal energy reserves capable of supporting municipal grid power. The project was funded through competitive academic research grants and cleared ethical review boards.",0
URGENT WARNING: Doctors were caught putting tracking chips into seasonal cough syrups to monitor your private conversations — Pharma billionaires have already threatened to assassinate the brave doctor who leaked this. Don't wait for the fake news media to tell you — share this viral warning everywhere!,1
"Doctors at Mayo Clinic has concluded improved five-year survival rates using personalized immunotherapy protocols, officials confirmed in an official statement on Monday. The comprehensive study included longitudinal follow-ups over an eighteen-month evaluation window.",0
"Astronomers at Caltech has announced a distant exoplanet with water vapor in its atmosphere, analysts noted, citing audited data presented to parliament. The initiative is scheduled for phased rollout across twelve regional hubs over the next fiscal year.",0
"Johns Hopkins Medicine announced that a Phase 2 clinical trial produced significant progress, confirming a 35% reduction in recurring cardiovascular events with targeted therapy. Experts emphasized that further long-term monitoring will continue over the next two quarters.",0
THEY DON'T WANT YOU TO KNOW!!! A top scientist broke their silence to reveal that gravity is an illusion created by government radio towers! The mainstream media refuses to broadcast this because the elites are terrified. Do NOT let them silence the truth — repost immediately across every group!,1
URGENT WARNING: Big pharma executives held a secret meeting to ban a common backyard weed that permanently reverses all diabetes — The official story is falling apart and insiders are finally blowing the whistle. Do NOT let them silence the truth — repost immediately across every group!,1
They don't want you to know this: scientists revealed that smartphones are absorbing human memories while you sleep to train deep-state robot armies. The official story is falling apart and insiders are finally blowing the whistle. PLEASE Wake up and share with your family before it's too late! Time is running out!,1
OFFICIAL STORY IS COLLAPSING!!! An emergency broadcast warning urges everyone to stay indoors because toxic space clouds are entering the atmosphere! The official story is falling apart and insiders are finally blowing the whistle. Do NOT let them silence the truth — repost immediately across every group!,1
MINDBLOWING: Doctors and scientists are STUNNED — a leaked military dossier proves the moon landing was staged in a Hollywood basement and world leaders are clones! Pharma billionaires have already threatened to assassinate the brave doctor who leaked this. Share before Facebook and Google erase every copy of this shocking footage!,1
"Engineers at MIT has reported a high-capacity solid-state battery retaining 92% capacity after 1,000 fast-charge cycles, according to findings published on the institutional repository. Senior officials noted that regulatory oversight will be maintained throughout the implementation phase.",0
EXPOSED!!! The government announced an emergency law shutting down the entire internet permanently starting this friday! They are hiding the cure so they can keep charging innocent families millions. Forward this to everyone in your contact list RIGHT NOW before it is banned!,1
They don't want you to know this: a top scientist broke their silence to reveal that gravity is an illusion created by government radio towers. They are hiding the cure so they can keep charging innocent families millions. PLEASE Every person must read this right now! Forward to save innocent lives!,1
"In a formal assessment of seismic monitoring stations, field geologists from The Geological Survey verified through independent review identifying stable geothermal energy reserves capable of supporting municipal grid power. spokespersons told reporters following a bilateral review meeting.",0
"The Geological Survey has verified through independent review identifying stable geothermal energy reserves capable of supporting municipal grid power, officials confirmed in an official statement on Monday. The initiative is scheduled for phased rollout across twelve regional hubs over the next fiscal year.",0
DO NOT IGNORE THIS!!! Eating this forbidden leaf makes you completely immune to every virus forever and pharma companies buried the research! The official story is falling apart and insiders are finally blowing the whistle. Wake up and share with your family before it's too late! Time is running out!,1
VIRAL LEAK!!! A leaked military dossier proves the moon landing was staged in a hollywood basement and world leaders are clones! Pharma billionaires have already threatened to assassinate the brave doctor who leaked this. SHARE THIS BEFORE IT GETS DELETED!!!,1
"According to advisory panel members at The Food and Drug Administration, recent a rigorous safety review revealed approval for a novel non-opioid pain management treatment. The comprehensive study included longitudinal follow-ups over an eighteen-month evaluation window. Details were according to findings published on the institutional repository.",0
They don't want you to know this: big pharma executives held a secret meeting to ban a common backyard weed that permanently reverses all diabetes. The mainstream media refuses to broadcast this because the elites are terrified. PLEASE Wake up and share with your family before it's too late! Time is running out!,1
"In a formal assessment of seismic monitoring stations, field geologists from The Geological Survey confirmed identifying stable geothermal energy reserves capable of supporting municipal grid power. spokespersons told reporters following a bilateral review meeting.",0
They don't want you to know this: a leaked military dossier proves the moon landing was staged in a Hollywood basement and world leaders are clones. Big corporations are desperately suing to ban this truth from reaching the public. PLEASE Share before Facebook and Google erase every copy of this shocking footage!,1
They don't want you to know this: whistleblowers confirm that voting booths secretly switch all ballots using invisible microwave lasers. The official story is falling apart and insiders are finally blowing the whistle. PLEASE Forward this to everyone in your contact list RIGHT NOW before it is banned!,1
EXPOSED: Doctors and scientists are STUNNED — a leaked military dossier proves the moon landing was staged in a Hollywood basement and world leaders are clones! Pharma billionaires have already threatened to assassinate the brave doctor who leaked this. Don't wait for the fake news media to tell you — share this viral warning everywhere!,1
"According to mission specialists at The European Space Agency, recent solar orbital telemetry revealed novel measurements of coronal mass ejections. The project was funded through competitive academic research grants and cleared ethical review boards. Details were scientists emphasized in an interview with the press.",0
"The Election Commission announced that a formal press briefing produced significant progress, confirming the verified schedule and electronic voting security protocols for upcoming assembly elections. The comprehensive study included longitudinal follow-ups over an eighteen-month evaluation window.",0
"According to education board commissioners at The Ministry of Education, recent national curriculum assessments revealed a new merit scholarship program supporting 50,000 rural university students. The comprehensive study included longitudinal follow-ups over an eighteen-month evaluation window. Details were officials confirmed in an official statement on Monday.",0
URGENT WARNING: An emergency broadcast warning urges everyone to stay indoors because toxic space clouds are entering the atmosphere — They are hiding the cure so they can keep charging innocent families millions. Every person must read this right now! Forward to save innocent lives!,1
SHOCKING: Doctors and scientists are STUNNED — the government announced an emergency law shutting down the entire internet permanently starting this Friday! Pharma billionaires have already threatened to assassinate the brave doctor who leaked this. Every person must read this right now! Forward to save innocent lives!,1
"They don't want you to know this: bank insiders confirm a hidden federal program giving away $10,000 cash to anyone who clicks and shares this link. Big corporations are desperately suing to ban this truth from reaching the public. PLEASE SHARE THIS BEFORE IT GETS DELETED!!!",1
YOU WON'T BELIEVE THIS! Leaked evidence proves drinking this secret kitchen spice cleanses every disease known to mankind overnight and doctors are furious. Every major government agency is covering this up to protect their billionaire donors. Do NOT let them silence the truth — repost immediately across every group!,1
They don't want you to know this: secret underground facilities were discovered housing thousands of alien spacecraft ready to harvest human souls. The mainstream media refuses to broadcast this because the elites are terrified. PLEASE Wake up and share with your family before it's too late! Time is running out!,1
"In a formal assessment of traffic monitoring sensors, city engineers from Municipal transport authorities verified through independent review a 22% reduction in peak-hour commute times following metro line phase two opening. scientists emphasized in an interview with the press.",0
THEY DON'T WANT YOU TO KNOW!!! A famous cardiologist exposed that hospital heart surgeries are a fake scam to generate trillions in profit! Big corporations are desperately suing to ban this truth from reaching the public. Don't wait for the fake news media to tell you — share this viral warning everywhere!,1
"According to a five-judge constitutional bench at The Supreme Court, recent a unanimous written verdict revealed reaffirming fundamental digital privacy standards under administrative law. Experts emphasized that further long-term monitoring will continue over the next two quarters. Details were spokespersons told reporters following a bilateral review meeting.",0
URGENT WARNING: Leaked documents confirm elite politicians are secretly passing a bill to tax human breathing and sunlight — The mainstream media refuses to broadcast this because the elites are terrified. Every person must read this right now! Forward to save innocent lives!,1
MUST SHARE IMMEDIATELY! Leaked evidence proves a famous cardiologist exposed that hospital heart surgeries are a fake scam to generate trillions in profit. The global cabal wants you kept in the dark so they can maintain total control. Wake up and share with your family before it's too late! Time is running out!,1
A new study in genetics led by The National Institutes of Health briefed journalists regarding three previously unmapped genetic markers associated with late-onset Alzheimer's. A formal briefing paper has been submitted to relevant regulatory bodies for technical review.,0
A new study in cosmology led by The James Webb Space Telescope team documented high-redshift galaxies formed within 400 million years of the Big Bang. The comprehensive study included longitudinal follow-ups over an eighteen-month evaluation window.,0
"The Supreme Court has published findings on reaffirming fundamental digital privacy standards under administrative law, analysts noted, citing audited data presented to parliament. The initiative is scheduled for phased rollout across twelve regional hubs over the next fiscal year.",0
"The European Space Agency has released detailed data on novel measurements of coronal mass ejections, analysts noted, citing audited data presented to parliament. The initiative is scheduled for phased rollout across twelve regional hubs over the next fiscal year.",0
"Astronomers at Caltech announced that deep space observations produced significant progress, confirming a distant exoplanet with water vapor in its atmosphere. A formal briefing paper has been submitted to relevant regulatory bodies for technical review.",0
"According to research teams at Astronomers at Caltech, recent deep space observations revealed a distant exoplanet with water vapor in its atmosphere. The project was funded through competitive academic research grants and cleared ethical review boards. Details were according to a report published in a peer-reviewed journal.",0
They don't want you to know this: tap water nationwide has been poisoned with mind-control chemicals starting tonight so forward this to save lives. Pharma billionaires have already threatened to assassinate the brave doctor who leaked this. PLEASE Wake up and share with your family before it's too late! Time is running out!,1
A new study in agronomy led by Agricultural scientists at ICAR published findings on a drought-resilient wheat variety showing 18% higher yield in low-rainfall regions. Experts emphasized that further long-term monitoring will continue over the next two quarters.,0
A new study in pharmacology led by The Food and Drug Administration published findings on approval for a novel non-opioid pain management treatment. The comprehensive study included longitudinal follow-ups over an eighteen-month evaluation window.,0
A new study in cybersecurity led by Cybersecurity researchers at Carnegie Mellon concluded patched vulnerabilities in open-source encryption libraries used by cloud providers. Experts emphasized that further long-term monitoring will continue over the next two quarters.,0
"The European Central Bank announced that regional financial stability reports produced significant progress, confirming gradual easing of headline inflation toward the 2% target. Independent auditors verified that all standard testing procedures were rigorously followed.",0
"In a formal assessment of traffic monitoring sensors, city engineers from Municipal transport authorities published findings on a 22% reduction in peak-hour commute times following metro line phase two opening. spokespersons told reporters following a bilateral review meeting.",0
VIRAL LEAK! Leaked evidence proves schools are secretly microchipping all students through mandatory water bottles without parental consent. The official story is falling apart and insiders are finally blowing the whistle. SHARE THIS BEFORE IT GETS DELETED!!!,1
"In a formal assessment of national curriculum assessments, education board commissioners from The Ministry of Education announced a new merit scholarship program supporting 50,000 rural university students. according to figures confirmed by multiple participating research hospitals.",0
They don't want you to know this: secret government satellites are beaming frequencies into household taps to control civilian thought patterns. The mainstream media refuses to broadcast this because the elites are terrified. PLEASE Wake up and share with your family before it's too late! Time is running out!,1
"The James Webb Space Telescope team announced that infrared observations produced significant progress, confirming high-redshift galaxies formed within 400 million years of the Big Bang. The initiative is scheduled for phased rollout across twelve regional hubs over the next fiscal year.",0
"The Ministry of Education announced that national curriculum assessments produced significant progress, confirming a new merit scholarship program supporting 50,000 rural university students. Senior officials noted that regulatory oversight will be maintained throughout the implementation phase.",0
URGENT WARNING: Whistleblowers confirm that voting booths secretly switch all ballots using invisible microwave lasers — Every major government agency is covering this up to protect their billionaire donors. Click here before the elites take down the server! 100% verified truth!,1
DO NOT IGNORE THIS!!! Secret government satellites are beaming frequencies into household taps to control civilian thought patterns! Corrupt politicians are working overtime to delete this post off every server right now. Every person must read this right now! Forward to save innocent lives!,1
"In a formal assessment of deep space observations, research teams from Astronomers at Caltech confirmed a distant exoplanet with water vapor in its atmosphere. according to official records released during a scheduled press conference.",0
EXPOSED!!! Doctors were caught putting tracking chips into seasonal cough syrups to monitor your private conversations! The global cabal wants you kept in the dark so they can maintain total control. SHARE THIS BEFORE IT GETS DELETED!!!,1
"In a formal assessment of infrared observations, lead scientists from The James Webb Space Telescope team outlined key milestones in high-redshift galaxies formed within 400 million years of the Big Bang. scientists emphasized in an interview with the press.",0
"MINDBLOWING!!! Bank insiders confirm a hidden federal program giving away $10,000 cash to anyone who clicks and shares this link! Corrupt politicians are working overtime to delete this post off every server right now. Forward this to everyone in your contact list RIGHT NOW before it is banned!",1
HORRIFIC TRUTH!!! Tap water nationwide has been poisoned with mind-control chemicals starting tonight so forward this to save lives! Pharma billionaires have already threatened to assassinate the brave doctor who leaked this. Share before Facebook and Google erase every copy of this shocking footage!,1
URGENT WARNING: Drinking raw onion juice with baking soda cures stage 4 cancer in exactly 48 hours 100% guaranteed — Big corporations are desperately suing to ban this truth from reaching the public. Do NOT let them silence the truth — repost immediately across every group!,1
DO NOT IGNORE THIS! Leaked evidence proves secret underground facilities were discovered housing thousands of alien spacecraft ready to harvest human souls. They are hiding the cure so they can keep charging innocent families millions. Every person must read this right now! Forward to save innocent lives!,1
"In a formal assessment of surveillance data across 45 countries, epidemiologists from The World Health Organization confirmed a steady decline in global measles transmission following targeted vaccination campaigns. the full dataset has been made accessible on the government portal for public review.",0
"HORRIFIC TRUTH: Doctors and scientists are STUNNED — bank insiders confirm a hidden federal program giving away $10,000 cash to anyone who clicks and shares this link! The mainstream media refuses to broadcast this because the elites are terrified. SHARE THIS BEFORE IT GETS DELETED!!!",1
A new study in planetary science led by NASA outlined key milestones in traces of ancient water-altered minerals in Jezero crater. A formal briefing paper has been submitted to relevant regulatory bodies for technical review.,0
"The European Central Bank announced that regional financial stability reports produced significant progress, confirming gradual easing of headline inflation toward the 2% target. The comprehensive study included longitudinal follow-ups over an eighteen-month evaluation window.",0
MUST SHARE IMMEDIATELY: Doctors and scientists are STUNNED — doctors were caught putting tracking chips into seasonal cough syrups to monitor your private conversations! Every major government agency is covering this up to protect their billionaire donors. Forward this to everyone in your contact list RIGHT NOW before it is banned!,1
They don't want you to know this: drinking this secret kitchen spice cleanses every disease known to mankind overnight and doctors are furious. The global cabal wants you kept in the dark so they can maintain total control. PLEASE Share before Facebook and Google erase every copy of this shocking footage!,1
"The James Webb Space Telescope team has verified through independent review high-redshift galaxies formed within 400 million years of the Big Bang, the full dataset has been made accessible on the government portal for public review. The initiative is scheduled for phased rollout across twelve regional hubs over the next fiscal year.",0
BREAKING! Leaked evidence proves secret underground facilities were discovered housing thousands of alien spacecraft ready to harvest human souls. Every major government agency is covering this up to protect their billionaire donors. SHARE THIS BEFORE IT GETS DELETED!!!,1
URGENT WARNING: Big pharma executives held a secret meeting to ban a common backyard weed that permanently reverses all diabetes — Corrupt politicians are working overtime to delete this post off every server right now. SHARE THIS BEFORE IT GETS DELETED!!!,1
"The National Oceanic and Atmospheric Administration has verified through independent review above-average sea surface temperatures across equatorial Pacific zones, according to figures confirmed by multiple participating research hospitals. The initiative is scheduled for phased rollout across twelve regional hubs over the next fiscal year.",0
BOMBSHELL REVELATION!!! The central banking cartel just voted to erase all personal savings accounts at midnight tomorrow! Every major government agency is covering this up to protect their billionaire donors. Do NOT let them silence the truth — repost immediately across every group!,1
URGENT WARNING: Tap water nationwide has been poisoned with mind-control chemicals starting tonight so forward this to save lives — The official story is falling apart and insiders are finally blowing the whistle. Forward this to everyone in your contact list RIGHT NOW before it is banned!,1
"Doctors at Mayo Clinic has verified through independent review improved five-year survival rates using personalized immunotherapy protocols, according to documentation verified by an independent review committee. Senior officials noted that regulatory oversight will be maintained throughout the implementation phase.",0
A new study in infectious diseases led by Researchers at Oxford University confirmed that a combined antiviral regimen significantly shortened recovery times. The comprehensive study included longitudinal follow-ups over an eighteen-month evaluation window.,0
URGENT WARNING: Scientists revealed that smartphones are absorbing human memories while you sleep to train deep-state robot armies — Big corporations are desperately suing to ban this truth from reaching the public. Every person must read this right now! Forward to save innocent lives!,1
"The Food and Drug Administration announced that a rigorous safety review produced significant progress, confirming approval for a novel non-opioid pain management treatment. A formal briefing paper has been submitted to relevant regulatory bodies for technical review.",0
VIRAL LEAK: Doctors and scientists are STUNNED — leaked documents confirm elite politicians are secretly passing a bill to tax human breathing and sunlight! They are hiding the cure so they can keep charging innocent families millions. Do NOT let them silence the truth — repost immediately across every group!,1
"The Geological Survey has verified through independent review identifying stable geothermal energy reserves capable of supporting municipal grid power, according to a report published in a peer-reviewed journal. The project was funded through competitive academic research grants and cleared ethical review boards.",0
URGENT WARNING: Drinking raw onion juice with baking soda cures stage 4 cancer in exactly 48 hours 100% guaranteed — They are hiding the cure so they can keep charging innocent families millions. Wake up and share with your family before it's too late! Time is running out!,1
A new study in planetary science led by NASA released detailed data on traces of ancient water-altered minerals in Jezero crater. A formal briefing paper has been submitted to relevant regulatory bodies for technical review.,0
A new study in cybersecurity led by Cybersecurity researchers at Carnegie Mellon concluded patched vulnerabilities in open-source encryption libraries used by cloud providers. Senior officials noted that regulatory oversight will be maintained throughout the implementation phase.,0
A new study in astronomy led by Astronomers at Caltech confirmed a distant exoplanet with water vapor in its atmosphere. Independent auditors verified that all standard testing procedures were rigorously followed.,0
"The Reserve Bank announced that quarterly economic indicators produced significant progress, confirming keeping the benchmark lending rate unchanged at 6.5% amid moderating inflation. Experts emphasized that further long-term monitoring will continue over the next two quarters.",0
MINDBLOWING: Doctors and scientists are STUNNED — drinking raw onion juice with baking soda cures stage 4 cancer in exactly 48 hours 100% guaranteed! The mainstream media refuses to broadcast this because the elites are terrified. Share before Facebook and Google erase every copy of this shocking footage!,1
"The Supreme Court announced that a unanimous written verdict produced significant progress, confirming reaffirming fundamental digital privacy standards under administrative law. The findings were replicated across three independent laboratories prior to publication.",0
"Agricultural scientists at ICAR announced that multi-season field trials produced significant progress, confirming a drought-resilient wheat variety showing 18% higher yield in low-rainfall regions. Experts emphasized that further long-term monitoring will continue over the next two quarters.",0
They don't want you to know this: eating this forbidden leaf makes you completely immune to every virus forever and pharma companies buried the research. Big corporations are desperately suing to ban this truth from reaching the public. PLEASE Do NOT let them silence the truth — repost immediately across every group!,1
MINDBLOWING! Leaked evidence proves drinking raw onion juice with baking soda cures stage 4 cancer in exactly 48 hours 100% guaranteed. The official story is falling apart and insiders are finally blowing the whistle. Do NOT let them silence the truth — repost immediately across every group!,1
"The National Institutes of Health has released detailed data on three previously unmapped genetic markers associated with late-onset Alzheimer's, according to figures confirmed by multiple participating research hospitals. The initiative is scheduled for phased rollout across twelve regional hubs over the next fiscal year.",0
MINDBLOWING!!! Whistleblowers confirm that voting booths secretly switch all ballots using invisible microwave lasers! The global cabal wants you kept in the dark so they can maintain total control. Do NOT let them silence the truth — repost immediately across every group!,1
"According to lead scientists at The James Webb Space Telescope team, recent infrared observations revealed high-redshift galaxies formed within 400 million years of the Big Bang. The project was funded through competitive academic research grants and cleared ethical review boards. Details were according to official records released during a scheduled press conference.",0
"In a formal assessment of deep space observations, research teams from Astronomers at Caltech documented a distant exoplanet with water vapor in its atmosphere. according to official records released during a scheduled press conference.",0
They don't want you to know this: schools are secretly microchipping all students through mandatory water bottles without parental consent. Big corporations are desperately suing to ban this truth from reaching the public. PLEASE Do NOT let them silence the truth — repost immediately across every group!,1
"The National Institutes of Health announced that longitudinal genomic studies produced significant progress, confirming three previously unmapped genetic markers associated with late-onset Alzheimer's. The initiative is scheduled for phased rollout across twelve regional hubs over the next fiscal year.",0
A new study in cosmology led by The James Webb Space Telescope team published findings on high-redshift galaxies formed within 400 million years of the Big Bang. Experts emphasized that further long-term monitoring will continue over the next two quarters.,0
OFFICIAL STORY IS COLLAPSING! Leaked evidence proves whistleblowers confirm that voting booths secretly switch all ballots using invisible microwave lasers. Every major government agency is covering this up to protect their billionaire donors. Don't wait for the fake news media to tell you — share this viral warning everywhere!,1
"Scientists at Stanford Medicine announced that peer-reviewed brain imaging studies produced significant progress, confirming distinct neural pathway adaptations following cognitive behavioral interventions. The project was funded through competitive academic research grants and cleared ethical review boards.",0
They don't want you to know this: secret government satellites are beaming frequencies into household taps to control civilian thought patterns. The official story is falling apart and insiders are finally blowing the whistle. PLEASE Share before Facebook and Google erase every copy of this shocking footage!,1
"According to monetary policy committee members at The Reserve Bank, recent quarterly economic indicators revealed keeping the benchmark lending rate unchanged at 6.5% amid moderating inflation. The project was funded through competitive academic research grants and cleared ethical review boards. Details were officials confirmed in an official statement on Monday.",0
"In a formal assessment of traffic monitoring sensors, city engineers from Municipal transport authorities reported a 22% reduction in peak-hour commute times following metro line phase two opening. according to a report published in a peer-reviewed journal.",0
"According to advisory panel members at The Food and Drug Administration, recent a rigorous safety review revealed approval for a novel non-opioid pain management treatment. The findings were replicated across three independent laboratories prior to publication. Details were officials confirmed in an official statement on Monday.",0
They don't want you to know this: the central banking cartel just voted to erase all personal savings accounts at midnight tomorrow. The mainstream media refuses to broadcast this because the elites are terrified. PLEASE Don't wait for the fake news media to tell you — share this viral warning everywhere!,1
MINDBLOWING! Leaked evidence proves a famous cardiologist exposed that hospital heart surgeries are a fake scam to generate trillions in profit. The mainstream media refuses to broadcast this because the elites are terrified. Share before Facebook and Google erase every copy of this shocking footage!,1
"They don't want you to know this: bank insiders confirm a hidden federal program giving away $10,000 cash to anyone who clicks and shares this link. The global cabal wants you kept in the dark so they can maintain total control. PLEASE Do NOT let them silence the truth — repost immediately across every group!",1
"According to research teams at Astronomers at Caltech, recent deep space observations revealed a distant exoplanet with water vapor in its atmosphere. The initiative is scheduled for phased rollout across twelve regional hubs over the next fiscal year. Details were according to official records released during a scheduled press conference.",0
"Engineers at MIT announced that laboratory durability testing produced significant progress, confirming a high-capacity solid-state battery retaining 92% capacity after 1,000 fast-charge cycles. Senior officials noted that regulatory oversight will be maintained throughout the implementation phase.",0
EXPOSED!!! Big pharma executives held a secret meeting to ban a common backyard weed that permanently reverses all diabetes! Every major government agency is covering this up to protect their billionaire donors. Don't wait for the fake news media to tell you — share this viral warning everywhere!,1
"Researchers at CERN has published findings on refined mass boundaries for heavy neutrino candidates, officials confirmed in an official statement on Monday. The project was funded through competitive academic research grants and cleared ethical review boards.",0
URGENT WARNING: A famous cardiologist exposed that hospital heart surgeries are a fake scam to generate trillions in profit — They are hiding the cure so they can keep charging innocent families millions. Share before Facebook and Google erase every copy of this shocking footage!,1
URGENT WARNING: Tap water nationwide has been poisoned with mind-control chemicals starting tonight so forward this to save lives — Every major government agency is covering this up to protect their billionaire donors. Click here before the elites take down the server! 100% verified truth!,1
They don't want you to know this: doctors were caught putting tracking chips into seasonal cough syrups to monitor your private conversations. The official story is falling apart and insiders are finally blowing the whistle. PLEASE Wake up and share with your family before it's too late! Time is running out!,1
EXPOSED! Leaked evidence proves secret underground facilities were discovered housing thousands of alien spacecraft ready to harvest human souls. The official story is falling apart and insiders are finally blowing the whistle. Every person must read this right now! Forward to save innocent lives!,1
They don't want you to know this: a top scientist broke their silence to reveal that gravity is an illusion created by government radio towers. Big corporations are desperately suing to ban this truth from reaching the public. PLEASE Every person must read this right now! Forward to save innocent lives!,1
They don't want you to know this: secret underground facilities were discovered housing thousands of alien spacecraft ready to harvest human souls. They are hiding the cure so they can keep charging innocent families millions. PLEASE Every person must read this right now! Forward to save innocent lives!,1
DO NOT IGNORE THIS: Doctors and scientists are STUNNED — a famous cardiologist exposed that hospital heart surgeries are a fake scam to generate trillions in profit! They are hiding the cure so they can keep charging innocent families millions. Every person must read this right now! Forward to save innocent lives!,1
A new study in neuroscience led by Scientists at Stanford Medicine released detailed data on distinct neural pathway adaptations following cognitive behavioral interventions. A formal briefing paper has been submitted to relevant regulatory bodies for technical review.,0
URGENT WARNING: Doctors were caught putting tracking chips into seasonal cough syrups to monitor your private conversations — They are hiding the cure so they can keep charging innocent families millions. Share before Facebook and Google erase every copy of this shocking footage!,1
A new study in infectious diseases led by Researchers at Oxford University outlined key milestones in that a combined antiviral regimen significantly shortened recovery times. A formal briefing paper has been submitted to relevant regulatory bodies for technical review.,0
They don't want you to know this: schools are secretly microchipping all students through mandatory water bottles without parental consent. The official story is falling apart and insiders are finally blowing the whistle. PLEASE SHARE THIS BEFORE IT GETS DELETED!!!,1
URGENT ALERT! Leaked evidence proves big pharma executives held a secret meeting to ban a common backyard weed that permanently reverses all diabetes. The official story is falling apart and insiders are finally blowing the whistle. Do NOT let them silence the truth — repost immediately across every group!,1
URGENT WARNING: Drinking this secret kitchen spice cleanses every disease known to mankind overnight and doctors are furious — Every major government agency is covering this up to protect their billionaire donors. Every person must read this right now! Forward to save innocent lives!,1
URGENT WARNING: Drinking raw onion juice with baking soda cures stage 4 cancer in exactly 48 hours 100% guaranteed — Pharma billionaires have already threatened to assassinate the brave doctor who leaked this. SHARE THIS BEFORE IT GETS DELETED!!!,1
"In a formal assessment of infrared observations, lead scientists from The James Webb Space Telescope team released detailed data on high-redshift galaxies formed within 400 million years of the Big Bang. spokespersons told reporters following a bilateral review meeting.",0
EXPOSED! Leaked evidence proves an emergency broadcast warning urges everyone to stay indoors because toxic space clouds are entering the atmosphere. Corrupt politicians are working overtime to delete this post off every server right now. Forward this to everyone in your contact list RIGHT NOW before it is banned!,1
BREAKING: Doctors and scientists are STUNNED — a top scientist broke their silence to reveal that gravity is an illusion created by government radio towers! Big corporations are desperately suing to ban this truth from reaching the public. Forward this to everyone in your contact list RIGHT NOW before it is banned!,1
They don't want you to know this: schools are secretly microchipping all students through mandatory water bottles without parental consent. Big corporations are desperately suing to ban this truth from reaching the public. PLEASE SHARE THIS BEFORE IT GETS DELETED!!!,1
A new study in particle physics led by Researchers at CERN confirmed refined mass boundaries for heavy neutrino candidates. The project was funded through competitive academic research grants and cleared ethical review boards.,0
"Doctors at Mayo Clinic has briefed journalists regarding improved five-year survival rates using personalized immunotherapy protocols, according to documentation verified by an independent review committee. Independent auditors verified that all standard testing procedures were rigorously followed.",0
"MUST SHARE IMMEDIATELY: Doctors and scientists are STUNNED — bank insiders confirm a hidden federal program giving away $10,000 cash to anyone who clicks and shares this link! Big corporations are desperately suing to ban this truth from reaching the public. Every person must read this right now! Forward to save innocent lives!",1
MUST SHARE IMMEDIATELY! Leaked evidence proves doctors were caught putting tracking chips into seasonal cough syrups to monitor your private conversations. The official story is falling apart and insiders are finally blowing the whistle. Wake up and share with your family before it's too late! Time is running out!,1
"In a formal assessment of a formal press briefing, senior electoral officers from The Election Commission announced the verified schedule and electronic voting security protocols for upcoming assembly elections. according to figures confirmed by multiple participating research hospitals.",0
"The European Space Agency has reported novel measurements of coronal mass ejections, scientists emphasized in an interview with the press. Independent auditors verified that all standard testing procedures were rigorously followed.",0
"According to health authorities at The Indian Council of Medical Research, recent national serological surveys revealed broad population immunity against seasonal influenza strains. Independent auditors verified that all standard testing procedures were rigorously followed. Details were according to findings published on the institutional repository.",0
"The World Health Organization has published findings on a steady decline in global measles transmission following targeted vaccination campaigns, according to documentation verified by an independent review committee. A formal briefing paper has been submitted to relevant regulatory bodies for technical review.",0
BREAKING! Leaked evidence proves a top scientist broke their silence to reveal that gravity is an illusion created by government radio towers. The global cabal wants you kept in the dark so they can maintain total control. Forward this to everyone in your contact list RIGHT NOW before it is banned!,1
URGENT ALERT: Doctors and scientists are STUNNED — scientists revealed that smartphones are absorbing human memories while you sleep to train deep-state robot armies! They are hiding the cure so they can keep charging innocent families millions. Every person must read this right now! Forward to save innocent lives!,1
"The Supreme Court announced that a unanimous written verdict produced significant progress, confirming reaffirming fundamental digital privacy standards under administrative law. The initiative is scheduled for phased rollout across twelve regional hubs over the next fiscal year.",0
URGENT WARNING: Drinking raw onion juice with baking soda cures stage 4 cancer in exactly 48 hours 100% guaranteed — The mainstream media refuses to broadcast this because the elites are terrified. Forward this to everyone in your contact list RIGHT NOW before it is banned!,1
"In a formal assessment of a unanimous written verdict, a five-judge constitutional bench from The Supreme Court confirmed reaffirming fundamental digital privacy standards under administrative law. according to a report published in a peer-reviewed journal.",0
URGENT ALERT!!! Scientists revealed that smartphones are absorbing human memories while you sleep to train deep-state robot armies! Corrupt politicians are working overtime to delete this post off every server right now. Every person must read this right now! Forward to save innocent lives!,1
"According to oncology specialists at Doctors at Mayo Clinic, recent a multi-center trial with 850 participants revealed improved five-year survival rates using personalized immunotherapy protocols. The findings were replicated across three independent laboratories prior to publication. Details were according to official records released during a scheduled press conference.",0
URGENT WARNING: Doctors were caught putting tracking chips into seasonal cough syrups to monitor your private conversations — The global cabal wants you kept in the dark so they can maintain total control. Click here before the elites take down the server! 100% verified truth!,1
URGENT WARNING: A top scientist broke their silence to reveal that gravity is an illusion created by government radio towers — Corrupt politicians are working overtime to delete this post off every server right now. Don't wait for the fake news media to tell you — share this viral warning everywhere!,1
"MINDBLOWING: Doctors and scientists are STUNNED — bank insiders confirm a hidden federal program giving away $10,000 cash to anyone who clicks and shares this link! The mainstream media refuses to broadcast this because the elites are terrified. Click here before the elites take down the server! 100% verified truth!",1
MUST SHARE IMMEDIATELY: Doctors and scientists are STUNNED — schools are secretly microchipping all students through mandatory water bottles without parental consent! Every major government agency is covering this up to protect their billionaire donors. Share before Facebook and Google erase every copy of this shocking footage!,1
HORRIFIC TRUTH: Doctors and scientists are STUNNED — the central banking cartel just voted to erase all personal savings accounts at midnight tomorrow! Pharma billionaires have already threatened to assassinate the brave doctor who leaked this. Do NOT let them silence the truth — repost immediately across every group!,1
"In a formal assessment of national curriculum assessments, education board commissioners from The Ministry of Education outlined key milestones in a new merit scholarship program supporting 50,000 rural university students. according to a report published in a peer-reviewed journal.",0
DO NOT IGNORE THIS: Doctors and scientists are STUNNED — schools are secretly microchipping all students through mandatory water bottles without parental consent! They are hiding the cure so they can keep charging innocent families millions. Wake up and share with your family before it's too late! Time is running out!,1
"Engineers at MIT announced that laboratory durability testing produced significant progress, confirming a high-capacity solid-state battery retaining 92% capacity after 1,000 fast-charge cycles. The comprehensive study included longitudinal follow-ups over an eighteen-month evaluation window.",0
They don't want you to know this: a famous cardiologist exposed that hospital heart surgeries are a fake scam to generate trillions in profit. Big corporations are desperately suing to ban this truth from reaching the public. PLEASE Forward this to everyone in your contact list RIGHT NOW before it is banned!,1
"According to research teams at Astronomers at Caltech, recent deep space observations revealed a distant exoplanet with water vapor in its atmosphere. Independent auditors verified that all standard testing procedures were rigorously followed. Details were according to figures confirmed by multiple participating research hospitals.",0
They don't want you to know this: secret underground facilities were discovered housing thousands of alien spacecraft ready to harvest human souls. The global cabal wants you kept in the dark so they can maintain total control. PLEASE Share before Facebook and Google erase every copy of this shocking footage!,1
They don't want you to know this: eating this forbidden leaf makes you completely immune to every virus forever and pharma companies buried the research. Pharma billionaires have already threatened to assassinate the brave doctor who leaked this. PLEASE Every person must read this right now! Forward to save innocent lives!,1
"In a formal assessment of quarterly economic indicators, monetary policy committee members from The Reserve Bank published findings on keeping the benchmark lending rate unchanged at 6.5% amid moderating inflation. analysts noted, citing audited data presented to parliament.",0
"Astronomers at Caltech announced that deep space observations produced significant progress, confirming a distant exoplanet with water vapor in its atmosphere. The initiative is scheduled for phased rollout across twelve regional hubs over the next fiscal year.",0
"In a formal assessment of national curriculum assessments, education board commissioners from The Ministry of Education briefed journalists regarding a new merit scholarship program supporting 50,000 rural university students. analysts noted, citing audited data presented to parliament.",0
They don't want you to know this: big pharma executives held a secret meeting to ban a common backyard weed that permanently reverses all diabetes. They are hiding the cure so they can keep charging innocent families millions. PLEASE Forward this to everyone in your contact list RIGHT NOW before it is banned!,1
MUST SHARE IMMEDIATELY: Doctors and scientists are STUNNED — an emergency broadcast warning urges everyone to stay indoors because toxic space clouds are entering the atmosphere! The official story is falling apart and insiders are finally blowing the whistle. Every person must read this right now! Forward to save innocent lives!,1
URGENT ALERT!!! A famous cardiologist exposed that hospital heart surgeries are a fake scam to generate trillions in profit! The mainstream media refuses to broadcast this because the elites are terrified. Wake up and share with your family before it's too late! Time is running out!,1
"In a formal assessment of longitudinal genomic studies, senior investigators from The National Institutes of Health briefed journalists regarding three previously unmapped genetic markers associated with late-onset Alzheimer's. according to a report published in a peer-reviewed journal.",0
"The Food and Drug Administration announced that a rigorous safety review produced significant progress, confirming approval for a novel non-opioid pain management treatment. The findings were replicated across three independent laboratories prior to publication.",0
A new study in oncology led by Doctors at Mayo Clinic concluded improved five-year survival rates using personalized immunotherapy protocols. Experts emphasized that further long-term monitoring will continue over the next two quarters.,0
"In a formal assessment of national serological surveys, health authorities from The Indian Council of Medical Research outlined key milestones in broad population immunity against seasonal influenza strains. according to figures confirmed by multiple participating research hospitals.",0
OFFICIAL STORY IS COLLAPSING!!! The government announced an emergency law shutting down the entire internet permanently starting this friday! Every major government agency is covering this up to protect their billionaire donors. Every person must read this right now! Forward to save innocent lives!,1
"According to crop researchers at Agricultural scientists at ICAR, recent multi-season field trials revealed a drought-resilient wheat variety showing 18% higher yield in low-rainfall regions. The findings were replicated across three independent laboratories prior to publication. Details were the full dataset has been made accessible on the government portal for public review.",0
"Doctors at Mayo Clinic announced that a multi-center trial with 850 participants produced significant progress, confirming improved five-year survival rates using personalized immunotherapy protocols. The project was funded through competitive academic research grants and cleared ethical review boards.",0
MINDBLOWING! Leaked evidence proves a top scientist broke their silence to reveal that gravity is an illusion created by government radio towers. Corrupt politicians are working overtime to delete this post off every server right now. Every person must read this right now! Forward to save innocent lives!,1
EXPOSED: Doctors and scientists are STUNNED — schools are secretly microchipping all students through mandatory water bottles without parental consent! Corrupt politicians are working overtime to delete this post off every server right now. Wake up and share with your family before it's too late! Time is running out!,1
"According to clinical researchers at Johns Hopkins Medicine, recent a Phase 2 clinical trial revealed a 35% reduction in recurring cardiovascular events with targeted therapy. The comprehensive study included longitudinal follow-ups over an eighteen-month evaluation window. Details were the full dataset has been made accessible on the government portal for public review.",0
YOU WON'T BELIEVE THIS: Doctors and scientists are STUNNED — scientists revealed that smartphones are absorbing human memories while you sleep to train deep-state robot armies! Every major government agency is covering this up to protect their billionaire donors. Every person must read this right now! Forward to save innocent lives!,1
URGENT WARNING: Tap water nationwide has been poisoned with mind-control chemicals starting tonight so forward this to save lives — The official story is falling apart and insiders are finally blowing the whistle. Every person must read this right now! Forward to save innocent lives!,1
"In a formal assessment of quarterly economic indicators, monetary policy committee members from The Reserve Bank confirmed keeping the benchmark lending rate unchanged at 6.5% amid moderating inflation. officials confirmed in an official statement on Monday.",0
A new study in agronomy led by Agricultural scientists at ICAR released detailed data on a drought-resilient wheat variety showing 18% higher yield in low-rainfall regions. Experts emphasized that further long-term monitoring will continue over the next two quarters.,0
OFFICIAL STORY IS COLLAPSING: Doctors and scientists are STUNNED — the central banking cartel just voted to erase all personal savings accounts at midnight tomorrow! The global cabal wants you kept in the dark so they can maintain total control. Forward this to everyone in your contact list RIGHT NOW before it is banned!,1
WAKE UP SHEEPLE: Doctors and scientists are STUNNED — eating this forbidden leaf makes you completely immune to every virus forever and pharma companies buried the research! The mainstream media refuses to broadcast this because the elites are terrified. Click here before the elites take down the server! 100% verified truth!,1
URGENT WARNING: Secret underground facilities were discovered housing thousands of alien spacecraft ready to harvest human souls — Pharma billionaires have already threatened to assassinate the brave doctor who leaked this. Click here before the elites take down the server! 100% verified truth!,1
"According to mission specialists at The European Space Agency, recent solar orbital telemetry revealed novel measurements of coronal mass ejections. The initiative is scheduled for phased rollout across twelve regional hubs over the next fiscal year. Details were spokespersons told reporters following a bilateral review meeting.",0
"In a formal assessment of ocean temperature sensor arrays, climate scientists from The National Oceanic and Atmospheric Administration concluded above-average sea surface temperatures across equatorial Pacific zones. according to a report published in a peer-reviewed journal.",0
HORRIFIC TRUTH! Leaked evidence proves big pharma executives held a secret meeting to ban a common backyard weed that permanently reverses all diabetes. Pharma billionaires have already threatened to assassinate the brave doctor who leaked this. Every person must read this right now! Forward to save innocent lives!,1
"Engineers at MIT announced that laboratory durability testing produced significant progress, confirming a high-capacity solid-state battery retaining 92% capacity after 1,000 fast-charge cycles. Senior officials noted that regulatory oversight will be maintained throughout the implementation phase.",0
They don't want you to know this: scientists revealed that smartphones are absorbing human memories while you sleep to train deep-state robot armies. Every major government agency is covering this up to protect their billionaire donors. PLEASE Forward this to everyone in your contact list RIGHT NOW before it is banned!,1
"Engineers at MIT has briefed journalists regarding a high-capacity solid-state battery retaining 92% capacity after 1,000 fast-charge cycles, according to documentation verified by an independent review committee. The project was funded through competitive academic research grants and cleared ethical review boards.",0
BOMBSHELL REVELATION: Doctors and scientists are STUNNED — leaked documents confirm elite politicians are secretly passing a bill to tax human breathing and sunlight! The global cabal wants you kept in the dark so they can maintain total control. Click here before the elites take down the server! 100% verified truth!,1
"The National Oceanic and Atmospheric Administration announced that ocean temperature sensor arrays produced significant progress, confirming above-average sea surface temperatures across equatorial Pacific zones. Experts emphasized that further long-term monitoring will continue over the next two quarters.",0
MINDBLOWING! Leaked evidence proves secret government satellites are beaming frequencies into household taps to control civilian thought patterns. Every major government agency is covering this up to protect their billionaire donors. Share before Facebook and Google erase every copy of this shocking footage!,1
"In a formal assessment of regional financial stability reports, governing council representatives from The European Central Bank verified through independent review gradual easing of headline inflation toward the 2% target. spokespersons told reporters following a bilateral review meeting.",0
BOMBSHELL REVELATION: Doctors and scientists are STUNNED — drinking this secret kitchen spice cleanses every disease known to mankind overnight and doctors are furious! Big corporations are desperately suing to ban this truth from reaching the public. Do NOT let them silence the truth — repost immediately across every group!,1
"Scientists at Stanford Medicine has verified through independent review distinct neural pathway adaptations following cognitive behavioral interventions, officials confirmed in an official statement on Monday. Experts emphasized that further long-term monitoring will continue over the next two quarters.",0
A new study in electoral administration led by The Election Commission documented the verified schedule and electronic voting security protocols for upcoming assembly elections. The findings were replicated across three independent laboratories prior to publication.,0
URGENT ALERT: Doctors and scientists are STUNNED — a top scientist broke their silence to reveal that gravity is an illusion created by government radio towers! Big corporations are desperately suing to ban this truth from reaching the public. SHARE THIS BEFORE IT GETS DELETED!!!,1
"In a formal assessment of monthly employment data, economic analysts from The Bureau of Labor Statistics published findings on the addition of 175,000 nonfarm payroll jobs and an unemployment rate of 3.8%. scientists emphasized in an interview with the press.",0
"The Geological Survey has released detailed data on identifying stable geothermal energy reserves capable of supporting municipal grid power, scientists emphasized in an interview with the press. Experts emphasized that further long-term monitoring will continue over the next two quarters.",0
HORRIFIC TRUTH: Doctors and scientists are STUNNED — this one miraculous ancient fruit melts 30 pounds of pure fat in 3 days with zero diet or exercise required! The mainstream media refuses to broadcast this because the elites are terrified. Every person must read this right now! Forward to save innocent lives!,1
They don't want you to know this: a leaked military dossier proves the moon landing was staged in a Hollywood basement and world leaders are clones. Pharma billionaires have already threatened to assassinate the brave doctor who leaked this. PLEASE Don't wait for the fake news media to tell you — share this viral warning everywhere!,1
A new study in genetics led by The National Institutes of Health briefed journalists regarding three previously unmapped genetic markers associated with late-onset Alzheimer's. Independent auditors verified that all standard testing procedures were rigorously followed.,0
"In a formal assessment of deep space observations, research teams from Astronomers at Caltech announced a distant exoplanet with water vapor in its atmosphere. officials confirmed in an official statement on Monday.",0
URGENT ALERT! Leaked evidence proves eating this forbidden leaf makes you completely immune to every virus forever and pharma companies buried the research. Every major government agency is covering this up to protect their billionaire donors. Don't wait for the fake news media to tell you — share this viral warning everywhere!,1
"URGENT WARNING: Bank insiders confirm a hidden federal program giving away $10,000 cash to anyone who clicks and shares this link — They are hiding the cure so they can keep charging innocent families millions. Don't wait for the fake news media to tell you — share this viral warning everywhere!",1
THE MAINSTREAM MEDIA IS SILENT: Doctors and scientists are STUNNED — a famous cardiologist exposed that hospital heart surgeries are a fake scam to generate trillions in profit! The global cabal wants you kept in the dark so they can maintain total control. Click here before the elites take down the server! 100% verified truth!,1
OFFICIAL STORY IS COLLAPSING: Doctors and scientists are STUNNED — big pharma executives held a secret meeting to ban a common backyard weed that permanently reverses all diabetes! Pharma billionaires have already threatened to assassinate the brave doctor who leaked this. SHARE THIS BEFORE IT GETS DELETED!!!,1
They don't want you to know this: a leaked military dossier proves the moon landing was staged in a Hollywood basement and world leaders are clones. The global cabal wants you kept in the dark so they can maintain total control. PLEASE Don't wait for the fake news media to tell you — share this viral warning everywhere!,1
EXPOSED! Leaked evidence proves drinking raw onion juice with baking soda cures stage 4 cancer in exactly 48 hours 100% guaranteed. Every major government agency is covering this up to protect their billionaire donors. Click here before the elites take down the server! 100% verified truth!,1
"The World Health Organization announced that surveillance data across 45 countries produced significant progress, confirming a steady decline in global measles transmission following targeted vaccination campaigns. The initiative is scheduled for phased rollout across twelve regional hubs over the next fiscal year.",0
"In a formal assessment of laboratory durability testing, materials scientists from Engineers at MIT documented a high-capacity solid-state battery retaining 92% capacity after 1,000 fast-charge cycles. officials confirmed in an official statement on Monday.",0
THEY DON'T WANT YOU TO KNOW!!! Schools are secretly microchipping all students through mandatory water bottles without parental consent! Pharma billionaires have already threatened to assassinate the brave doctor who leaked this. Forward this to everyone in your contact list RIGHT NOW before it is banned!,1
"A new study in clean energy technology led by Engineers at MIT confirmed a high-capacity solid-state battery retaining 92% capacity after 1,000 fast-charge cycles. Experts emphasized that further long-term monitoring will continue over the next two quarters.",0
They don't want you to know this: doctors were caught putting tracking chips into seasonal cough syrups to monitor your private conversations. They are hiding the cure so they can keep charging innocent families millions. PLEASE Don't wait for the fake news media to tell you — share this viral warning everywhere!,1
"The James Webb Space Telescope team has announced high-redshift galaxies formed within 400 million years of the Big Bang, according to documentation verified by an independent review committee. Independent auditors verified that all standard testing procedures were rigorously followed.",0
A new study in geology led by The Geological Survey announced identifying stable geothermal energy reserves capable of supporting municipal grid power. The comprehensive study included longitudinal follow-ups over an eighteen-month evaluation window.,0
A new study in judicial rulings led by The Supreme Court released detailed data on reaffirming fundamental digital privacy standards under administrative law. The project was funded through competitive academic research grants and cleared ethical review boards.,0
MINDBLOWING! Leaked evidence proves drinking raw onion juice with baking soda cures stage 4 cancer in exactly 48 hours 100% guaranteed. Pharma billionaires have already threatened to assassinate the brave doctor who leaked this. Click here before the elites take down the server! 100% verified truth!,1
"According to a five-judge constitutional bench at The Supreme Court, recent a unanimous written verdict revealed reaffirming fundamental digital privacy standards under administrative law. A formal briefing paper has been submitted to relevant regulatory bodies for technical review. Details were according to findings published on the institutional repository.",0
URGENT WARNING: The central banking cartel just voted to erase all personal savings accounts at midnight tomorrow — The global cabal wants you kept in the dark so they can maintain total control. Do NOT let them silence the truth — repost immediately across every group!,1
They don't want you to know this: a leaked military dossier proves the moon landing was staged in a Hollywood basement and world leaders are clones. The official story is falling apart and insiders are finally blowing the whistle. PLEASE SHARE THIS BEFORE IT GETS DELETED!!!,1
A new study in public health led by The World Health Organization published findings on a steady decline in global measles transmission following targeted vaccination campaigns. Experts emphasized that further long-term monitoring will continue over the next two quarters.,0
"In a formal assessment of solar orbital telemetry, mission specialists from The European Space Agency released detailed data on novel measurements of coronal mass ejections. according to figures confirmed by multiple participating research hospitals.",0
"NASA announced that Mars exploration produced significant progress, confirming traces of ancient water-altered minerals in Jezero crater. Senior officials noted that regulatory oversight will be maintained throughout the implementation phase.",0
"In a formal assessment of laboratory durability testing, materials scientists from Engineers at MIT briefed journalists regarding a high-capacity solid-state battery retaining 92% capacity after 1,000 fast-charge cycles. scientists emphasized in an interview with the press.",0
"In a formal assessment of longitudinal genomic studies, senior investigators from The National Institutes of Health published findings on three previously unmapped genetic markers associated with late-onset Alzheimer's. according to a report published in a peer-reviewed journal.",0
BOMBSHELL REVELATION: Doctors and scientists are STUNNED — schools are secretly microchipping all students through mandatory water bottles without parental consent! The mainstream media refuses to broadcast this because the elites are terrified. Do NOT let them silence the truth — repost immediately across every group!,1
BOMBSHELL REVELATION: Doctors and scientists are STUNNED — a famous cardiologist exposed that hospital heart surgeries are a fake scam to generate trillions in profit! The mainstream media refuses to broadcast this because the elites are terrified. Every person must read this right now! Forward to save innocent lives!,1
WAKE UP SHEEPLE: Doctors and scientists are STUNNED — scientists revealed that smartphones are absorbing human memories while you sleep to train deep-state robot armies! The global cabal wants you kept in the dark so they can maintain total control. Share before Facebook and Google erase every copy of this shocking footage!,1
A new study in cardiology led by Johns Hopkins Medicine published findings on a 35% reduction in recurring cardiovascular events with targeted therapy. Senior officials noted that regulatory oversight will be maintained throughout the implementation phase.,0
URGENT ALERT: Doctors and scientists are STUNNED — an emergency broadcast warning urges everyone to stay indoors because toxic space clouds are entering the atmosphere! Pharma billionaires have already threatened to assassinate the brave doctor who leaked this. SHARE THIS BEFORE IT GETS DELETED!!!,1
"A new study in labor economics led by The Bureau of Labor Statistics released detailed data on the addition of 175,000 nonfarm payroll jobs and an unemployment rate of 3.8%. The project was funded through competitive academic research grants and cleared ethical review boards.",0
MUST SHARE IMMEDIATELY: Doctors and scientists are STUNNED — big pharma executives held a secret meeting to ban a common backyard weed that permanently reverses all diabetes! The official story is falling apart and insiders are finally blowing the whistle. Don't wait for the fake news media to tell you — share this viral warning everywhere!,1
VIRAL LEAK: Doctors and scientists are STUNNED — tap water nationwide has been poisoned with mind-control chemicals starting tonight so forward this to save lives! Pharma billionaires have already threatened to assassinate the brave doctor who leaked this. Every person must read this right now! Forward to save innocent lives!,1
URGENT ALERT! Leaked evidence proves eating this forbidden leaf makes you completely immune to every virus forever and pharma companies buried the research. The official story is falling apart and insiders are finally blowing the whistle. Do NOT let them silence the truth — repost immediately across every group!,1
THEY DON'T WANT YOU TO KNOW: Doctors and scientists are STUNNED — this one miraculous ancient fruit melts 30 pounds of pure fat in 3 days with zero diet or exercise required! Corrupt politicians are working overtime to delete this post off every server right now. Wake up and share with your family before it's too late! Time is running out!,1
A new study in genetics led by The National Institutes of Health published findings on three previously unmapped genetic markers associated with late-onset Alzheimer's. The comprehensive study included longitudinal follow-ups over an eighteen-month evaluation window.,0
They don't want you to know this: a top scientist broke their silence to reveal that gravity is an illusion created by government radio towers. Pharma billionaires have already threatened to assassinate the brave doctor who leaked this. PLEASE Share before Facebook and Google erase every copy of this shocking footage!,1
A new study in agronomy led by Agricultural scientists at ICAR confirmed a drought-resilient wheat variety showing 18% higher yield in low-rainfall regions. The findings were replicated across three independent laboratories prior to publication.,0
"The Ministry of Education announced that national curriculum assessments produced significant progress, confirming a new merit scholarship program supporting 50,000 rural university students. A formal briefing paper has been submitted to relevant regulatory bodies for technical review.",0
BREAKING!!! An emergency broadcast warning urges everyone to stay indoors because toxic space clouds are entering the atmosphere! They are hiding the cure so they can keep charging innocent families millions. SHARE THIS BEFORE IT GETS DELETED!!!,1
"A new study in education policy led by The Ministry of Education reported a new merit scholarship program supporting 50,000 rural university students. A formal briefing paper has been submitted to relevant regulatory bodies for technical review.",0
A new study in judicial rulings led by The Supreme Court briefed journalists regarding reaffirming fundamental digital privacy standards under administrative law. Experts emphasized that further long-term monitoring will continue over the next two quarters.,0
URGENT WARNING: A leaked military dossier proves the moon landing was staged in a hollywood basement and world leaders are clones — The official story is falling apart and insiders are finally blowing the whistle. SHARE THIS BEFORE IT GETS DELETED!!!,1
They don't want you to know this: drinking raw onion juice with baking soda cures stage 4 cancer in exactly 48 hours 100% guaranteed. Pharma billionaires have already threatened to assassinate the brave doctor who leaked this. PLEASE Every person must read this right now! Forward to save innocent lives!,1
A new study in genetics led by The National Institutes of Health concluded three previously unmapped genetic markers associated with late-onset Alzheimer's. The initiative is scheduled for phased rollout across twelve regional hubs over the next fiscal year.,0
THEY DON'T WANT YOU TO KNOW: Doctors and scientists are STUNNED — this one miraculous ancient fruit melts 30 pounds of pure fat in 3 days with zero diet or exercise required! The mainstream media refuses to broadcast this because the elites are terrified. Every person must read this right now! Forward to save innocent lives!,1
They don't want you to know this: secret underground facilities were discovered housing thousands of alien spacecraft ready to harvest human souls. The mainstream media refuses to broadcast this because the elites are terrified. PLEASE SHARE THIS BEFORE IT GETS DELETED!!!,1
"The Election Commission has briefed journalists regarding the verified schedule and electronic voting security protocols for upcoming assembly elections, according to documentation verified by an independent review committee. Experts emphasized that further long-term monitoring will continue over the next two quarters.",0
"According to materials scientists at Engineers at MIT, recent laboratory durability testing revealed a high-capacity solid-state battery retaining 92% capacity after 1,000 fast-charge cycles. A formal briefing paper has been submitted to relevant regulatory bodies for technical review. Details were according to figures confirmed by multiple participating research hospitals.",0
"The European Space Agency has announced novel measurements of coronal mass ejections, spokespersons told reporters following a bilateral review meeting. The project was funded through competitive academic research grants and cleared ethical review boards.",0
"The Election Commission announced that a formal press briefing produced significant progress, confirming the verified schedule and electronic voting security protocols for upcoming assembly elections. The comprehensive study included longitudinal follow-ups over an eighteen-month evaluation window.",0
WAKE UP SHEEPLE!!! A leaked military dossier proves the moon landing was staged in a hollywood basement and world leaders are clones! Corrupt politicians are working overtime to delete this post off every server right now. Every person must read this right now! Forward to save innocent lives!,1
"According to governing council representatives at The European Central Bank, recent regional financial stability reports revealed gradual easing of headline inflation toward the 2% target. The comprehensive study included longitudinal follow-ups over an eighteen-month evaluation window. Details were according to documentation verified by an independent review committee.",0
"Researchers at CERN announced that particle collision experiments produced significant progress, confirming refined mass boundaries for heavy neutrino candidates. Independent auditors verified that all standard testing procedures were rigorously followed.",0
THEY DON'T WANT YOU TO KNOW!!! Scientists revealed that smartphones are absorbing human memories while you sleep to train deep-state robot armies! The official story is falling apart and insiders are finally blowing the whistle. Do NOT let them silence the truth — repost immediately across every group!,1
"The Meteorological Department announced that radar and satellite forecast models produced significant progress, confirming timely onset of southwest monsoon rains across coastal agricultural belts. Senior officials noted that regulatory oversight will be maintained throughout the implementation phase.",0
"In a formal assessment of a rigorous safety review, advisory panel members from The Food and Drug Administration announced approval for a novel non-opioid pain management treatment. according to a report published in a peer-reviewed journal.",0
MUST SHARE IMMEDIATELY!!! Whistleblowers confirm that voting booths secretly switch all ballots using invisible microwave lasers! Pharma billionaires have already threatened to assassinate the brave doctor who leaked this. Share before Facebook and Google erase every copy of this shocking footage!,1
URGENT WARNING: Secret government satellites are beaming frequencies into household taps to control civilian thought patterns — Big corporations are desperately suing to ban this truth from reaching the public. Click here before the elites take down the server! 100% verified truth!,1
"In a formal assessment of regional financial stability reports, governing council representatives from The European Central Bank confirmed gradual easing of headline inflation toward the 2% target. officials confirmed in an official statement on Monday.",0
"The European Central Bank announced that regional financial stability reports produced significant progress, confirming gradual easing of headline inflation toward the 2% target. Experts emphasized that further long-term monitoring will continue over the next two quarters.",0
"According to network analysts at Cybersecurity researchers at Carnegie Mellon, recent an independent security audit revealed patched vulnerabilities in open-source encryption libraries used by cloud providers. The initiative is scheduled for phased rollout across twelve regional hubs over the next fiscal year. Details were the full dataset has been made accessible on the government portal for public review.",0
SHOCKING! Leaked evidence proves the government announced an emergency law shutting down the entire internet permanently starting this Friday. Pharma billionaires have already threatened to assassinate the brave doctor who leaked this. Click here before the elites take down the server! 100% verified truth!,1
URGENT WARNING: Big pharma executives held a secret meeting to ban a common backyard weed that permanently reverses all diabetes — The official story is falling apart and insiders are finally blowing the whistle. Do NOT let them silence the truth — repost immediately across every group!,1
THE MAINSTREAM MEDIA IS SILENT! Leaked evidence proves secret government satellites are beaming frequencies into household taps to control civilian thought patterns. Big corporations are desperately suing to ban this truth from reaching the public. Wake up and share with your family before it's too late! Time is running out!,1
YOU WON'T BELIEVE THIS: Doctors and scientists are STUNNED — a top scientist broke their silence to reveal that gravity is an illusion created by government radio towers! Pharma billionaires have already threatened to assassinate the brave doctor who leaked this. Click here before the elites take down the server! 100% verified truth!,1
"The Bureau of Labor Statistics announced that monthly employment data produced significant progress, confirming the addition of 175,000 nonfarm payroll jobs and an unemployment rate of 3.8%. The initiative is scheduled for phased rollout across twelve regional hubs over the next fiscal year.",0
"In a formal assessment of lunar sample tracking, flight controllers from ISRO confirmed mineralogical maps of the Moon's south pole region. according to findings published on the institutional repository.",0
"The National Oceanic and Atmospheric Administration announced that ocean temperature sensor arrays produced significant progress, confirming above-average sea surface temperatures across equatorial Pacific zones. Senior officials noted that regulatory oversight will be maintained throughout the implementation phase.",0
"The Meteorological Department announced that radar and satellite forecast models produced significant progress, confirming timely onset of southwest monsoon rains across coastal agricultural belts. Experts emphasized that further long-term monitoring will continue over the next two quarters.",0
"The Election Commission has outlined key milestones in the verified schedule and electronic voting security protocols for upcoming assembly elections, analysts noted, citing audited data presented to parliament. Experts emphasized that further long-term monitoring will continue over the next two quarters.",0
"The Indian Council of Medical Research announced that national serological surveys produced significant progress, confirming broad population immunity against seasonal influenza strains. The initiative is scheduled for phased rollout across twelve regional hubs over the next fiscal year.",0
"They don't want you to know this: bank insiders confirm a hidden federal program giving away $10,000 cash to anyone who clicks and shares this link. The global cabal wants you kept in the dark so they can maintain total control. PLEASE Do NOT let them silence the truth — repost immediately across every group!",1
"In a formal assessment of annual revenue audits, treasury officials from The Ministry of Finance verified through independent review a 14% increase in direct tax collections driven by digital compliance systems. scientists emphasized in an interview with the press.",0
"Municipal transport authorities has reported a 22% reduction in peak-hour commute times following metro line phase two opening, officials confirmed in an official statement on Monday. Senior officials noted that regulatory oversight will be maintained throughout the implementation phase.",0
WAKE UP SHEEPLE: Doctors and scientists are STUNNED — drinking raw onion juice with baking soda cures stage 4 cancer in exactly 48 hours 100% guaranteed! They are hiding the cure so they can keep charging innocent families millions. Don't wait for the fake news media to tell you — share this viral warning everywhere!,1
"According to health authorities at The Indian Council of Medical Research, recent national serological surveys revealed broad population immunity against seasonal influenza strains. Independent auditors verified that all standard testing procedures were rigorously followed. Details were according to documentation verified by an independent review committee.",0
"According to senior investigators at The National Institutes of Health, recent longitudinal genomic studies revealed three previously unmapped genetic markers associated with late-onset Alzheimer's. Senior officials noted that regulatory oversight will be maintained throughout the implementation phase. Details were according to findings published on the institutional repository.",0
YOU WON'T BELIEVE THIS: Doctors and scientists are STUNNED — secret underground facilities were discovered housing thousands of alien spacecraft ready to harvest human souls! The global cabal wants you kept in the dark so they can maintain total control. Share before Facebook and Google erase every copy of this shocking footage!,1
VIRAL LEAK!!! A top scientist broke their silence to reveal that gravity is an illusion created by government radio towers! Every major government agency is covering this up to protect their billionaire donors. Forward this to everyone in your contact list RIGHT NOW before it is banned!,1
MINDBLOWING!!! The central banking cartel just voted to erase all personal savings accounts at midnight tomorrow! Pharma billionaires have already threatened to assassinate the brave doctor who leaked this. Don't wait for the fake news media to tell you — share this viral warning everywhere!,1
"In a formal assessment of particle collision experiments, physicists from Researchers at CERN reported refined mass boundaries for heavy neutrino candidates. according to documentation verified by an independent review committee.",0
SHOCKING!!! Drinking this secret kitchen spice cleanses every disease known to mankind overnight and doctors are furious! The official story is falling apart and insiders are finally blowing the whistle. Wake up and share with your family before it's too late! Time is running out!,1
"In a formal assessment of Mars exploration, the Perseverance rover from NASA briefed journalists regarding traces of ancient water-altered minerals in Jezero crater. according to official records released during a scheduled press conference.",0
SHOCKING!!! Secret government satellites are beaming frequencies into household taps to control civilian thought patterns! The mainstream media refuses to broadcast this because the elites are terrified. Wake up and share with your family before it's too late! Time is running out!,1
They don't want you to know this: the central banking cartel just voted to erase all personal savings accounts at midnight tomorrow. Pharma billionaires have already threatened to assassinate the brave doctor who leaked this. PLEASE Share before Facebook and Google erase every copy of this shocking footage!,1
"The European Space Agency announced that solar orbital telemetry produced significant progress, confirming novel measurements of coronal mass ejections. A formal briefing paper has been submitted to relevant regulatory bodies for technical review.",0
"A new study in education policy led by The Ministry of Education outlined key milestones in a new merit scholarship program supporting 50,000 rural university students. Independent auditors verified that all standard testing procedures were rigorously followed.",0
DO NOT IGNORE THIS!!! A famous cardiologist exposed that hospital heart surgeries are a fake scam to generate trillions in profit! Every major government agency is covering this up to protect their billionaire donors. Do NOT let them silence the truth — repost immediately across every group!,1
"According to neurologists at Scientists at Stanford Medicine, recent peer-reviewed brain imaging studies revealed distinct neural pathway adaptations following cognitive behavioral interventions. Experts emphasized that further long-term monitoring will continue over the next two quarters. Details were according to findings published on the institutional repository.",0
HORRIFIC TRUTH! Leaked evidence proves drinking this secret kitchen spice cleanses every disease known to mankind overnight and doctors are furious. The official story is falling apart and insiders are finally blowing the whistle. Do NOT let them silence the truth — repost immediately across every group!,1
"In a formal assessment of lunar sample tracking, flight controllers from ISRO reported mineralogical maps of the Moon's south pole region. according to figures confirmed by multiple participating research hospitals.",0
URGENT WARNING: Tap water nationwide has been poisoned with mind-control chemicals starting tonight so forward this to save lives — They are hiding the cure so they can keep charging innocent families millions. Every person must read this right now! Forward to save innocent lives!,1
"NASA has verified through independent review traces of ancient water-altered minerals in Jezero crater, according to documentation verified by an independent review committee. The project was funded through competitive academic research grants and cleared ethical review boards.",0
URGENT WARNING: Secret government satellites are beaming frequencies into household taps to control civilian thought patterns — The official story is falling apart and insiders are finally blowing the whistle. Every person must read this right now! Forward to save innocent lives!,1
They don't want you to know this: a top scientist broke their silence to reveal that gravity is an illusion created by government radio towers. They are hiding the cure so they can keep charging innocent families millions. PLEASE SHARE THIS BEFORE IT GETS DELETED!!!,1
They don't want you to know this: leaked documents confirm elite politicians are secretly passing a bill to tax human breathing and sunlight. They are hiding the cure so they can keep charging innocent families millions. PLEASE Don't wait for the fake news media to tell you — share this viral warning everywhere!,1
URGENT WARNING: Tap water nationwide has been poisoned with mind-control chemicals starting tonight so forward this to save lives — Corrupt politicians are working overtime to delete this post off every server right now. SHARE THIS BEFORE IT GETS DELETED!!!,1
A new study in infectious diseases led by Researchers at Oxford University briefed journalists regarding that a combined antiviral regimen significantly shortened recovery times. The comprehensive study included longitudinal follow-ups over an eighteen-month evaluation window.,0
A new study in cardiology led by Johns Hopkins Medicine confirmed a 35% reduction in recurring cardiovascular events with targeted therapy. The comprehensive study included longitudinal follow-ups over an eighteen-month evaluation window.,0
A new study in urban infrastructure led by Municipal transport authorities outlined key milestones in a 22% reduction in peak-hour commute times following metro line phase two opening. Independent auditors verified that all standard testing procedures were rigorously followed.,0
VIRAL LEAK! Leaked evidence proves big pharma executives held a secret meeting to ban a common backyard weed that permanently reverses all diabetes. The mainstream media refuses to broadcast this because the elites are terrified. SHARE THIS BEFORE IT GETS DELETED!!!,1
"Doctors at Mayo Clinic announced that a multi-center trial with 850 participants produced significant progress, confirming improved five-year survival rates using personalized immunotherapy protocols. The initiative is scheduled for phased rollout across twelve regional hubs over the next fiscal year.",0
They don't want you to know this: tap water nationwide has been poisoned with mind-control chemicals starting tonight so forward this to save lives. They are hiding the cure so they can keep charging innocent families millions. PLEASE SHARE THIS BEFORE IT GETS DELETED!!!,1
EXPOSED! Leaked evidence proves this one miraculous ancient fruit melts 30 pounds of pure fat in 3 days with zero diet or exercise required. Corrupt politicians are working overtime to delete this post off every server right now. Do NOT let them silence the truth — repost immediately across every group!,1
HORRIFIC TRUTH: Doctors and scientists are STUNNED — doctors were caught putting tracking chips into seasonal cough syrups to monitor your private conversations! Pharma billionaires have already threatened to assassinate the brave doctor who leaked this. SHARE THIS BEFORE IT GETS DELETED!!!,1
"They don't want you to know this: bank insiders confirm a hidden federal program giving away $10,000 cash to anyone who clicks and shares this link. The global cabal wants you kept in the dark so they can maintain total control. PLEASE SHARE THIS BEFORE IT GETS DELETED!!!",1
"Johns Hopkins Medicine announced that a Phase 2 clinical trial produced significant progress, confirming a 35% reduction in recurring cardiovascular events with targeted therapy. Senior officials noted that regulatory oversight will be maintained throughout the implementation phase.",0
"According to senior meteorologists at The Meteorological Department, recent radar and satellite forecast models revealed timely onset of southwest monsoon rains across coastal agricultural belts. The comprehensive study included longitudinal follow-ups over an eighteen-month evaluation window. Details were scientists emphasized in an interview with the press.",0
"According to treasury officials at The Ministry of Finance, recent annual revenue audits revealed a 14% increase in direct tax collections driven by digital compliance systems. Independent auditors verified that all standard testing procedures were rigorously followed. Details were spokespersons told reporters following a bilateral review meeting.",0
URGENT WARNING: Doctors were caught putting tracking chips into seasonal cough syrups to monitor your private conversations — Every major government agency is covering this up to protect their billionaire donors. Share before Facebook and Google erase every copy of this shocking footage!,1
URGENT WARNING: Drinking raw onion juice with baking soda cures stage 4 cancer in exactly 48 hours 100% guaranteed — Pharma billionaires have already threatened to assassinate the brave doctor who leaked this. SHARE THIS BEFORE IT GETS DELETED!!!,1
"They don't want you to know this: bank insiders confirm a hidden federal program giving away $10,000 cash to anyone who clicks and shares this link. Corrupt politicians are working overtime to delete this post off every server right now. PLEASE Click here before the elites take down the server! 100% verified truth!",1
They don't want you to know this: schools are secretly microchipping all students through mandatory water bottles without parental consent. Corrupt politicians are working overtime to delete this post off every server right now. PLEASE Don't wait for the fake news media to tell you — share this viral warning everywhere!,1
URGENT WARNING: This one miraculous ancient fruit melts 30 pounds of pure fat in 3 days with zero diet or exercise required — They are hiding the cure so they can keep charging innocent families millions. Click here before the elites take down the server! 100% verified truth!,1
A new study in public health led by The World Health Organization announced a steady decline in global measles transmission following targeted vaccination campaigns. The comprehensive study included longitudinal follow-ups over an eighteen-month evaluation window.,0
"According to monetary policy committee members at The Reserve Bank, recent quarterly economic indicators revealed keeping the benchmark lending rate unchanged at 6.5% amid moderating inflation. A formal briefing paper has been submitted to relevant regulatory bodies for technical review. Details were analysts noted, citing audited data presented to parliament.",0
DO NOT IGNORE THIS: Doctors and scientists are STUNNED — a famous cardiologist exposed that hospital heart surgeries are a fake scam to generate trillions in profit! Pharma billionaires have already threatened to assassinate the brave doctor who leaked this. SHARE THIS BEFORE IT GETS DELETED!!!,1
They don't want you to know this: doctors were caught putting tracking chips into seasonal cough syrups to monitor your private conversations. The global cabal wants you kept in the dark so they can maintain total control. PLEASE Click here before the elites take down the server! 100% verified truth!,1
"The Food and Drug Administration announced that a rigorous safety review produced significant progress, confirming approval for a novel non-opioid pain management treatment. Independent auditors verified that all standard testing procedures were rigorously followed.",0
DO NOT IGNORE THIS!!! Schools are secretly microchipping all students through mandatory water bottles without parental consent! The global cabal wants you kept in the dark so they can maintain total control. Don't wait for the fake news media to tell you — share this viral warning everywhere!,1
"MUST SHARE IMMEDIATELY! Leaked evidence proves bank insiders confirm a hidden federal program giving away $10,000 cash to anyone who clicks and shares this link. The global cabal wants you kept in the dark so they can maintain total control. Don't wait for the fake news media to tell you — share this viral warning everywhere!",1
"According to senior meteorologists at The Meteorological Department, recent radar and satellite forecast models revealed timely onset of southwest monsoon rains across coastal agricultural belts. Independent auditors verified that all standard testing procedures were rigorously followed. Details were according to figures confirmed by multiple participating research hospitals.",0
URGENT WARNING: The government announced an emergency law shutting down the entire internet permanently starting this friday — Pharma billionaires have already threatened to assassinate the brave doctor who leaked this. Wake up and share with your family before it's too late! Time is running out!,1
BREAKING: Doctors and scientists are STUNNED — a leaked military dossier proves the moon landing was staged in a Hollywood basement and world leaders are clones! The official story is falling apart and insiders are finally blowing the whistle. Every person must read this right now! Forward to save innocent lives!,1
BREAKING! Leaked evidence proves the central banking cartel just voted to erase all personal savings accounts at midnight tomorrow. The global cabal wants you kept in the dark so they can maintain total control. SHARE THIS BEFORE IT GETS DELETED!!!,1
"According to a five-judge constitutional bench at The Supreme Court, recent a unanimous written verdict revealed reaffirming fundamental digital privacy standards under administrative law. The initiative is scheduled for phased rollout across twelve regional hubs over the next fiscal year. Details were according to a report published in a peer-reviewed journal.",0
YOU WON'T BELIEVE THIS! Leaked evidence proves drinking this secret kitchen spice cleanses every disease known to mankind overnight and doctors are furious. Corrupt politicians are working overtime to delete this post off every server right now. Every person must read this right now! Forward to save innocent lives!,1
A new study in infectious diseases led by Researchers at Oxford University published findings on that a combined antiviral regimen significantly shortened recovery times. Experts emphasized that further long-term monitoring will continue over the next two quarters.,0
OFFICIAL STORY IS COLLAPSING!!! Eating this forbidden leaf makes you completely immune to every virus forever and pharma companies buried the research! The global cabal wants you kept in the dark so they can maintain total control. Share before Facebook and Google erase every copy of this shocking footage!,1
DO NOT IGNORE THIS!!! Secret government satellites are beaming frequencies into household taps to control civilian thought patterns! Big corporations are desperately suing to ban this truth from reaching the public. Do NOT let them silence the truth — repost immediately across every group!,1
URGENT WARNING: A famous cardiologist exposed that hospital heart surgeries are a fake scam to generate trillions in profit — Every major government agency is covering this up to protect their billionaire donors. Share before Facebook and Google erase every copy of this shocking footage!,1
"According to clinical pharmacologists at Researchers at Oxford University, recent a randomized controlled trial published in The Lancet revealed that a combined antiviral regimen significantly shortened recovery times. Senior officials noted that regulatory oversight will be maintained throughout the implementation phase. Details were spokespersons told reporters following a bilateral review meeting.",0
"Astronomers at Caltech announced that deep space observations produced significant progress, confirming a distant exoplanet with water vapor in its atmosphere. Independent auditors verified that all standard testing procedures were rigorously followed.",0
"Municipal transport authorities has outlined key milestones in a 22% reduction in peak-hour commute times following metro line phase two opening, according to a report published in a peer-reviewed journal. Independent auditors verified that all standard testing procedures were rigorously followed.",0
URGENT WARNING: Leaked documents confirm elite politicians are secretly passing a bill to tax human breathing and sunlight — They are hiding the cure so they can keep charging innocent families millions. Don't wait for the fake news media to tell you — share this viral warning everywhere!,1
"In a formal assessment of solar orbital telemetry, mission specialists from The European Space Agency published findings on novel measurements of coronal mass ejections. the full dataset has been made accessible on the government portal for public review.",0
"In a formal assessment of annual revenue audits, treasury officials from The Ministry of Finance reported a 14% increase in direct tax collections driven by digital compliance systems. according to official records released during a scheduled press conference.",0
A new study in cardiology led by Johns Hopkins Medicine briefed journalists regarding a 35% reduction in recurring cardiovascular events with targeted therapy. Experts emphasized that further long-term monitoring will continue over the next two quarters.,0
MINDBLOWING! Leaked evidence proves the government announced an emergency law shutting down the entire internet permanently starting this Friday. The global cabal wants you kept in the dark so they can maintain total control. SHARE THIS BEFORE IT GETS DELETED!!!,1
"Municipal transport authorities announced that traffic monitoring sensors produced significant progress, confirming a 22% reduction in peak-hour commute times following metro line phase two opening. Independent auditors verified that all standard testing procedures were rigorously followed.",0
"In a formal assessment of longitudinal genomic studies, senior investigators from The National Institutes of Health briefed journalists regarding three previously unmapped genetic markers associated with late-onset Alzheimer's. according to a report published in a peer-reviewed journal.",0
DO NOT IGNORE THIS: Doctors and scientists are STUNNED — drinking raw onion juice with baking soda cures stage 4 cancer in exactly 48 hours 100% guaranteed! Big corporations are desperately suing to ban this truth from reaching the public. Forward this to everyone in your contact list RIGHT NOW before it is banned!,1
"Researchers at CERN announced that particle collision experiments produced significant progress, confirming refined mass boundaries for heavy neutrino candidates. The findings were replicated across three independent laboratories prior to publication.",0
"According to senior investigators at The National Institutes of Health, recent longitudinal genomic studies revealed three previously unmapped genetic markers associated with late-onset Alzheimer's. Experts emphasized that further long-term monitoring will continue over the next two quarters. Details were according to official records released during a scheduled press conference.",0
"Scientists at Stanford Medicine has confirmed distinct neural pathway adaptations following cognitive behavioral interventions, spokespersons told reporters following a bilateral review meeting. Experts emphasized that further long-term monitoring will continue over the next two quarters.",0
SHOCKING! Leaked evidence proves the central banking cartel just voted to erase all personal savings accounts at midnight tomorrow. Big corporations are desperately suing to ban this truth from reaching the public. Forward this to everyone in your contact list RIGHT NOW before it is banned!,1
URGENT WARNING: A top scientist broke their silence to reveal that gravity is an illusion created by government radio towers — The official story is falling apart and insiders are finally blowing the whistle. Click here before the elites take down the server! 100% verified truth!,1
A new study in fiscal policy led by The Ministry of Finance documented a 14% increase in direct tax collections driven by digital compliance systems. A formal briefing paper has been submitted to relevant regulatory bodies for technical review.,0
BREAKING! Leaked evidence proves a famous cardiologist exposed that hospital heart surgeries are a fake scam to generate trillions in profit. Every major government agency is covering this up to protect their billionaire donors. Wake up and share with your family before it's too late! Time is running out!,1
"Municipal transport authorities announced that traffic monitoring sensors produced significant progress, confirming a 22% reduction in peak-hour commute times following metro line phase two opening. Senior officials noted that regulatory oversight will be maintained throughout the implementation phase.",0
"In a formal assessment of national curriculum assessments, education board commissioners from The Ministry of Education reported a new merit scholarship program supporting 50,000 rural university students. spokespersons told reporters following a bilateral review meeting.",0
They don't want you to know this: doctors were caught putting tracking chips into seasonal cough syrups to monitor your private conversations. Every major government agency is covering this up to protect their billionaire donors. PLEASE Forward this to everyone in your contact list RIGHT NOW before it is banned!,1
"According to monetary policy committee members at The Reserve Bank, recent quarterly economic indicators revealed keeping the benchmark lending rate unchanged at 6.5% amid moderating inflation. A formal briefing paper has been submitted to relevant regulatory bodies for technical review. Details were scientists emphasized in an interview with the press.",0
URGENT WARNING: Eating this forbidden leaf makes you completely immune to every virus forever and pharma companies buried the research — Every major government agency is covering this up to protect their billionaire donors. Don't wait for the fake news media to tell you — share this viral warning everywhere!,1
"THE MAINSTREAM MEDIA IS SILENT: Doctors and scientists are STUNNED — bank insiders confirm a hidden federal program giving away $10,000 cash to anyone who clicks and shares this link! Big corporations are desperately suing to ban this truth from reaching the public. Share before Facebook and Google erase every copy of this shocking footage!",1
URGENT WARNING: Scientists revealed that smartphones are absorbing human memories while you sleep to train deep-state robot armies — Corrupt politicians are working overtime to delete this post off every server right now. Every person must read this right now! Forward to save innocent lives!,1
"According to oncology specialists at Doctors at Mayo Clinic, recent a multi-center trial with 850 participants revealed improved five-year survival rates using personalized immunotherapy protocols. A formal briefing paper has been submitted to relevant regulatory bodies for technical review. Details were according to documentation verified by an independent review committee.",0
"According to materials scientists at Engineers at MIT, recent laboratory durability testing revealed a high-capacity solid-state battery retaining 92% capacity after 1,000 fast-charge cycles. A formal briefing paper has been submitted to relevant regulatory bodies for technical review. Details were according to findings published on the institutional repository.",0
"In a formal assessment of radar and satellite forecast models, senior meteorologists from The Meteorological Department reported timely onset of southwest monsoon rains across coastal agricultural belts. according to findings published on the institutional repository.",0
They don't want you to know this: scientists revealed that smartphones are absorbing human memories while you sleep to train deep-state robot armies. Corrupt politicians are working overtime to delete this post off every server right now. PLEASE Every person must read this right now! Forward to save innocent lives!,1
WAKE UP SHEEPLE! Leaked evidence proves an emergency broadcast warning urges everyone to stay indoors because toxic space clouds are entering the atmosphere. The mainstream media refuses to broadcast this because the elites are terrified. Every person must read this right now! Forward to save innocent lives!,1
THE MAINSTREAM MEDIA IS SILENT! Leaked evidence proves drinking this secret kitchen spice cleanses every disease known to mankind overnight and doctors are furious. The global cabal wants you kept in the dark so they can maintain total control. Do NOT let them silence the truth — repost immediately across every group!,1
"The Ministry of Education announced that national curriculum assessments produced significant progress, confirming a new merit scholarship program supporting 50,000 rural university students. The comprehensive study included longitudinal follow-ups over an eighteen-month evaluation window.",0
"According to a five-judge constitutional bench at The Supreme Court, recent a unanimous written verdict revealed reaffirming fundamental digital privacy standards under administrative law. Independent auditors verified that all standard testing procedures were rigorously followed. Details were spokespersons told reporters following a bilateral review meeting.",0
URGENT WARNING: A leaked military dossier proves the moon landing was staged in a hollywood basement and world leaders are clones — Big corporations are desperately suing to ban this truth from reaching the public. Share before Facebook and Google erase every copy of this shocking footage!,1
A new study in cosmology led by The James Webb Space Telescope team released detailed data on high-redshift galaxies formed within 400 million years of the Big Bang. The initiative is scheduled for phased rollout across twelve regional hubs over the next fiscal year.,0
"The Reserve Bank announced that quarterly economic indicators produced significant progress, confirming keeping the benchmark lending rate unchanged at 6.5% amid moderating inflation. The initiative is scheduled for phased rollout across twelve regional hubs over the next fiscal year.",0
SHOCKING! Leaked evidence proves a famous cardiologist exposed that hospital heart surgeries are a fake scam to generate trillions in profit. The global cabal wants you kept in the dark so they can maintain total control. Forward this to everyone in your contact list RIGHT NOW before it is banned!,1
A new study in planetary science led by NASA documented traces of ancient water-altered minerals in Jezero crater. A formal briefing paper has been submitted to relevant regulatory bodies for technical review.,0
WAKE UP SHEEPLE!!! Secret government satellites are beaming frequencies into household taps to control civilian thought patterns! The mainstream media refuses to broadcast this because the elites are terrified. Don't wait for the fake news media to tell you — share this viral warning everywhere!,1
"A new study in clean energy technology led by Engineers at MIT confirmed a high-capacity solid-state battery retaining 92% capacity after 1,000 fast-charge cycles. The comprehensive study included longitudinal follow-ups over an eighteen-month evaluation window.",0
URGENT WARNING: This one miraculous ancient fruit melts 30 pounds of pure fat in 3 days with zero diet or exercise required — Corrupt politicians are working overtime to delete this post off every server right now. Do NOT let them silence the truth — repost immediately across every group!,1
"The Indian Council of Medical Research has reported broad population immunity against seasonal influenza strains, according to official records released during a scheduled press conference. Independent auditors verified that all standard testing procedures were rigorously followed.",0
A new study in climate science led by The National Oceanic and Atmospheric Administration published findings on above-average sea surface temperatures across equatorial Pacific zones. The findings were replicated across three independent laboratories prior to publication.,0
They don't want you to know this: an emergency broadcast warning urges everyone to stay indoors because toxic space clouds are entering the atmosphere. Pharma billionaires have already threatened to assassinate the brave doctor who leaked this. PLEASE Do NOT let them silence the truth — repost immediately across every group!,1
"Municipal transport authorities has verified through independent review a 22% reduction in peak-hour commute times following metro line phase two opening, analysts noted, citing audited data presented to parliament. Experts emphasized that further long-term monitoring will continue over the next two quarters.",0
They don't want you to know this: doctors were caught putting tracking chips into seasonal cough syrups to monitor your private conversations. The global cabal wants you kept in the dark so they can maintain total control. PLEASE Every person must read this right now! Forward to save innocent lives!,1
DO NOT IGNORE THIS! Leaked evidence proves eating this forbidden leaf makes you completely immune to every virus forever and pharma companies buried the research. Big corporations are desperately suing to ban this truth from reaching the public. Don't wait for the fake news media to tell you — share this viral warning everywhere!,1
"Municipal transport authorities has outlined key milestones in a 22% reduction in peak-hour commute times following metro line phase two opening, according to official records released during a scheduled press conference. Senior officials noted that regulatory oversight will be maintained throughout the implementation phase.",0
"In a formal assessment of a multi-center trial with 850 participants, oncology specialists from Doctors at Mayo Clinic concluded improved five-year survival rates using personalized immunotherapy protocols. spokespersons told reporters following a bilateral review meeting.",0
MUST SHARE IMMEDIATELY: Doctors and scientists are STUNNED — a top scientist broke their silence to reveal that gravity is an illusion created by government radio towers! Pharma billionaires have already threatened to assassinate the brave doctor who leaked this. Click here before the elites take down the server! 100% verified truth!,1
"In a formal assessment of regional financial stability reports, governing council representatives from The European Central Bank concluded gradual easing of headline inflation toward the 2% target. the full dataset has been made accessible on the government portal for public review.",0
They don't want you to know this: drinking this secret kitchen spice cleanses every disease known to mankind overnight and doctors are furious. Pharma billionaires have already threatened to assassinate the brave doctor who leaked this. PLEASE SHARE THIS BEFORE IT GETS DELETED!!!,1
EXPOSED!!! Drinking this secret kitchen spice cleanses every disease known to mankind overnight and doctors are furious! The mainstream media refuses to broadcast this because the elites are terrified. Every person must read this right now! Forward to save innocent lives!,1
"The Ministry of Education has confirmed a new merit scholarship program supporting 50,000 rural university students, according to official records released during a scheduled press conference. A formal briefing paper has been submitted to relevant regulatory bodies for technical review.",0
"According to mission specialists at The European Space Agency, recent solar orbital telemetry revealed novel measurements of coronal mass ejections. The findings were replicated across three independent laboratories prior to publication. Details were according to documentation verified by an independent review committee.",0
"In a formal assessment of multi-season field trials, crop researchers from Agricultural scientists at ICAR reported a drought-resilient wheat variety showing 18% higher yield in low-rainfall regions. spokespersons told reporters following a bilateral review meeting.",0
URGENT WARNING: Eating this forbidden leaf makes you completely immune to every virus forever and pharma companies buried the research — Big corporations are desperately suing to ban this truth from reaching the public. Don't wait for the fake news media to tell you — share this viral warning everywhere!,1
They don't want you to know this: whistleblowers confirm that voting booths secretly switch all ballots using invisible microwave lasers. Corrupt politicians are working overtime to delete this post off every server right now. PLEASE Share before Facebook and Google erase every copy of this shocking footage!,1
"The Election Commission announced that a formal press briefing produced significant progress, confirming the verified schedule and electronic voting security protocols for upcoming assembly elections. The initiative is scheduled for phased rollout across twelve regional hubs over the next fiscal year.",0
MUST SHARE IMMEDIATELY: Doctors and scientists are STUNNED — whistleblowers confirm that voting booths secretly switch all ballots using invisible microwave lasers! The global cabal wants you kept in the dark so they can maintain total control. SHARE THIS BEFORE IT GETS DELETED!!!,1
URGENT WARNING: The central banking cartel just voted to erase all personal savings accounts at midnight tomorrow — Big corporations are desperately suing to ban this truth from reaching the public. Click here before the elites take down the server! 100% verified truth!,1
They don't want you to know this: secret underground facilities were discovered housing thousands of alien spacecraft ready to harvest human souls. Pharma billionaires have already threatened to assassinate the brave doctor who leaked this. PLEASE Don't wait for the fake news media to tell you — share this viral warning everywhere!,1
"According to physicists at Researchers at CERN, recent particle collision experiments revealed refined mass boundaries for heavy neutrino candidates. Experts emphasized that further long-term monitoring will continue over the next two quarters. Details were officials confirmed in an official statement on Monday.",0
"The Ministry of Finance has verified through independent review a 14% increase in direct tax collections driven by digital compliance systems, the full dataset has been made accessible on the government portal for public review. A formal briefing paper has been submitted to relevant regulatory bodies for technical review.",0
DO NOT IGNORE THIS: Doctors and scientists are STUNNED — eating this forbidden leaf makes you completely immune to every virus forever and pharma companies buried the research! Big corporations are desperately suing to ban this truth from reaching the public. SHARE THIS BEFORE IT GETS DELETED!!!,1
"Johns Hopkins Medicine announced that a Phase 2 clinical trial produced significant progress, confirming a 35% reduction in recurring cardiovascular events with targeted therapy. Senior officials noted that regulatory oversight will be maintained throughout the implementation phase.",0
A new study in climate science led by The National Oceanic and Atmospheric Administration briefed journalists regarding above-average sea surface temperatures across equatorial Pacific zones. The initiative is scheduled for phased rollout across twelve regional hubs over the next fiscal year.,0
"The National Oceanic and Atmospheric Administration has published findings on above-average sea surface temperatures across equatorial Pacific zones, spokespersons told reporters following a bilateral review meeting. Independent auditors verified that all standard testing procedures were rigorously followed.",0
"Doctors at Mayo Clinic announced that a multi-center trial with 850 participants produced significant progress, confirming improved five-year survival rates using personalized immunotherapy protocols. A formal briefing paper has been submitted to relevant regulatory bodies for technical review.",0
They don't want you to know this: an emergency broadcast warning urges everyone to stay indoors because toxic space clouds are entering the atmosphere. Big corporations are desperately suing to ban this truth from reaching the public. PLEASE SHARE THIS BEFORE IT GETS DELETED!!!,1
"In a formal assessment of annual revenue audits, treasury officials from The Ministry of Finance confirmed a 14% increase in direct tax collections driven by digital compliance systems. according to official records released during a scheduled press conference.",0
A new study in epidemiology led by The Indian Council of Medical Research briefed journalists regarding broad population immunity against seasonal influenza strains. Senior officials noted that regulatory oversight will be maintained throughout the implementation phase.,0
A new study in pharmacology led by The Food and Drug Administration concluded approval for a novel non-opioid pain management treatment. The initiative is scheduled for phased rollout across twelve regional hubs over the next fiscal year.,0
A new study in meteorology led by The Meteorological Department released detailed data on timely onset of southwest monsoon rains across coastal agricultural belts. Independent auditors verified that all standard testing procedures were rigorously followed.,0
"In a formal assessment of a formal press briefing, senior electoral officers from The Election Commission reported the verified schedule and electronic voting security protocols for upcoming assembly elections. analysts noted, citing audited data presented to parliament.",0
"According to network analysts at Cybersecurity researchers at Carnegie Mellon, recent an independent security audit revealed patched vulnerabilities in open-source encryption libraries used by cloud providers. The findings were replicated across three independent laboratories prior to publication. Details were analysts noted, citing audited data presented to parliament.",0
"The Reserve Bank has concluded keeping the benchmark lending rate unchanged at 6.5% amid moderating inflation, scientists emphasized in an interview with the press. Experts emphasized that further long-term monitoring will continue over the next two quarters.",0
They don't want you to know this: doctors were caught putting tracking chips into seasonal cough syrups to monitor your private conversations. They are hiding the cure so they can keep charging innocent families millions. PLEASE Every person must read this right now! Forward to save innocent lives!,1
"The National Institutes of Health has documented three previously unmapped genetic markers associated with late-onset Alzheimer's, officials confirmed in an official statement on Monday. A formal briefing paper has been submitted to relevant regulatory bodies for technical review.",0
VIRAL LEAK!!! Leaked documents confirm elite politicians are secretly passing a bill to tax human breathing and sunlight! Corrupt politicians are working overtime to delete this post off every server right now. Do NOT let them silence the truth — repost immediately across every group!,1
"In a formal assessment of multi-season field trials, crop researchers from Agricultural scientists at ICAR documented a drought-resilient wheat variety showing 18% higher yield in low-rainfall regions. according to a report published in a peer-reviewed journal.",0
A new study in infectious diseases led by Researchers at Oxford University briefed journalists regarding that a combined antiviral regimen significantly shortened recovery times. A formal briefing paper has been submitted to relevant regulatory bodies for technical review.,0
"In a formal assessment of traffic monitoring sensors, city engineers from Municipal transport authorities concluded a 22% reduction in peak-hour commute times following metro line phase two opening. according to documentation verified by an independent review committee.",0
"In a formal assessment of a unanimous written verdict, a five-judge constitutional bench from The Supreme Court reported reaffirming fundamental digital privacy standards under administrative law. officials confirmed in an official statement on Monday.",0
"According to economic analysts at The Bureau of Labor Statistics, recent monthly employment data revealed the addition of 175,000 nonfarm payroll jobs and an unemployment rate of 3.8%. The comprehensive study included longitudinal follow-ups over an eighteen-month evaluation window. Details were according to documentation verified by an independent review committee.",0
WAKE UP SHEEPLE! Leaked evidence proves secret underground facilities were discovered housing thousands of alien spacecraft ready to harvest human souls. Corrupt politicians are working overtime to delete this post off every server right now. Forward this to everyone in your contact list RIGHT NOW before it is banned!,1
"The Election Commission announced that a formal press briefing produced significant progress, confirming the verified schedule and electronic voting security protocols for upcoming assembly elections. A formal briefing paper has been submitted to relevant regulatory bodies for technical review.",0
A new study in fiscal policy led by The Ministry of Finance documented a 14% increase in direct tax collections driven by digital compliance systems. The findings were replicated across three independent laboratories prior to publication.,0
MUST SHARE IMMEDIATELY!!! Scientists revealed that smartphones are absorbing human memories while you sleep to train deep-state robot armies! Corrupt politicians are working overtime to delete this post off every server right now. Share before Facebook and Google erase every copy of this shocking footage!,1
A new study in macroeconomics led by The European Central Bank concluded gradual easing of headline inflation toward the 2% target. The comprehensive study included longitudinal follow-ups over an eighteen-month evaluation window.,0
"The Reserve Bank has outlined key milestones in keeping the benchmark lending rate unchanged at 6.5% amid moderating inflation, the full dataset has been made accessible on the government portal for public review. The project was funded through competitive academic research grants and cleared ethical review boards.",0
"They don't want you to know this: bank insiders confirm a hidden federal program giving away $10,000 cash to anyone who clicks and shares this link. The official story is falling apart and insiders are finally blowing the whistle. PLEASE Do NOT let them silence the truth — repost immediately across every group!",1
HORRIFIC TRUTH!!! The government announced an emergency law shutting down the entire internet permanently starting this friday! The global cabal wants you kept in the dark so they can maintain total control. SHARE THIS BEFORE IT GETS DELETED!!!,1
A new study in astrophysics led by The European Space Agency concluded novel measurements of coronal mass ejections. Independent auditors verified that all standard testing procedures were rigorously followed.,0
"Municipal transport authorities has confirmed a 22% reduction in peak-hour commute times following metro line phase two opening, according to findings published on the institutional repository. The project was funded through competitive academic research grants and cleared ethical review boards.",0
THEY DON'T WANT YOU TO KNOW!!! Secret underground facilities were discovered housing thousands of alien spacecraft ready to harvest human souls! Corrupt politicians are working overtime to delete this post off every server right now. Share before Facebook and Google erase every copy of this shocking footage!,1
VIRAL LEAK!!! Eating this forbidden leaf makes you completely immune to every virus forever and pharma companies buried the research! The global cabal wants you kept in the dark so they can maintain total control. Don't wait for the fake news media to tell you — share this viral warning everywhere!,1
They don't want you to know this: whistleblowers confirm that voting booths secretly switch all ballots using invisible microwave lasers. Corrupt politicians are working overtime to delete this post off every server right now. PLEASE SHARE THIS BEFORE IT GETS DELETED!!!,1
"The Bureau of Labor Statistics announced that monthly employment data produced significant progress, confirming the addition of 175,000 nonfarm payroll jobs and an unemployment rate of 3.8%. The findings were replicated across three independent laboratories prior to publication.",0
THEY DON'T WANT YOU TO KNOW: Doctors and scientists are STUNNED — whistleblowers confirm that voting booths secretly switch all ballots using invisible microwave lasers! They are hiding the cure so they can keep charging innocent families millions. Wake up and share with your family before it's too late! Time is running out!,1
"The Ministry of Finance announced that annual revenue audits produced significant progress, confirming a 14% increase in direct tax collections driven by digital compliance systems. The findings were replicated across three independent laboratories prior to publication.",0
They don't want you to know this: secret government satellites are beaming frequencies into household taps to control civilian thought patterns. Every major government agency is covering this up to protect their billionaire donors. PLEASE Wake up and share with your family before it's too late! Time is running out!,1
"According to the Perseverance rover at NASA, recent Mars exploration revealed traces of ancient water-altered minerals in Jezero crater. A formal briefing paper has been submitted to relevant regulatory bodies for technical review. Details were the full dataset has been made accessible on the government portal for public review.",0
"In a formal assessment of national curriculum assessments, education board commissioners from The Ministry of Education concluded a new merit scholarship program supporting 50,000 rural university students. officials confirmed in an official statement on Monday.",0
URGENT WARNING: The central banking cartel just voted to erase all personal savings accounts at midnight tomorrow — Every major government agency is covering this up to protect their billionaire donors. Every person must read this right now! Forward to save innocent lives!,1
They don't want you to know this: doctors were caught putting tracking chips into seasonal cough syrups to monitor your private conversations. The global cabal wants you kept in the dark so they can maintain total control. PLEASE Don't wait for the fake news media to tell you — share this viral warning everywhere!,1
"NASA announced that Mars exploration produced significant progress, confirming traces of ancient water-altered minerals in Jezero crater. A formal briefing paper has been submitted to relevant regulatory bodies for technical review.",0
A new study in pharmacology led by The Food and Drug Administration confirmed approval for a novel non-opioid pain management treatment. The findings were replicated across three independent laboratories prior to publication.,0
EXPOSED!!! Secret underground facilities were discovered housing thousands of alien spacecraft ready to harvest human souls! The global cabal wants you kept in the dark so they can maintain total control. Share before Facebook and Google erase every copy of this shocking footage!,1
"The Indian Council of Medical Research has released detailed data on broad population immunity against seasonal influenza strains, according to official records released during a scheduled press conference. The findings were replicated across three independent laboratories prior to publication.",0
"The Geological Survey announced that seismic monitoring stations produced significant progress, confirming identifying stable geothermal energy reserves capable of supporting municipal grid power. Senior officials noted that regulatory oversight will be maintained throughout the implementation phase.",0
"In a formal assessment of national curriculum assessments, education board commissioners from The Ministry of Education concluded a new merit scholarship program supporting 50,000 rural university students. according to documentation verified by an independent review committee.",0
"The World Health Organization has concluded a steady decline in global measles transmission following targeted vaccination campaigns, according to documentation verified by an independent review committee. The initiative is scheduled for phased rollout across twelve regional hubs over the next fiscal year.",0
WAKE UP SHEEPLE: Doctors and scientists are STUNNED — an emergency broadcast warning urges everyone to stay indoors because toxic space clouds are entering the atmosphere! The mainstream media refuses to broadcast this because the elites are terrified. SHARE THIS BEFORE IT GETS DELETED!!!,1
"NASA has verified through independent review traces of ancient water-altered minerals in Jezero crater, scientists emphasized in an interview with the press. The comprehensive study included longitudinal follow-ups over an eighteen-month evaluation window.",0
URGENT WARNING: A famous cardiologist exposed that hospital heart surgeries are a fake scam to generate trillions in profit — The global cabal wants you kept in the dark so they can maintain total control. Do NOT let them silence the truth — repost immediately across every group!,1
"The James Webb Space Telescope team has reported high-redshift galaxies formed within 400 million years of the Big Bang, according to figures confirmed by multiple participating research hospitals. The findings were replicated across three independent laboratories prior to publication.",0
A new study in astrophysics led by The European Space Agency concluded novel measurements of coronal mass ejections. A formal briefing paper has been submitted to relevant regulatory bodies for technical review.,0
A new study in cardiology led by Johns Hopkins Medicine released detailed data on a 35% reduction in recurring cardiovascular events with targeted therapy. Independent auditors verified that all standard testing procedures were rigorously followed.,0
A new study in space exploration led by ISRO released detailed data on mineralogical maps of the Moon's south pole region. Experts emphasized that further long-term monitoring will continue over the next two quarters.,0
BOMBSHELL REVELATION: Doctors and scientists are STUNNED — secret government satellites are beaming frequencies into household taps to control civilian thought patterns! Corrupt politicians are working overtime to delete this post off every server right now. Wake up and share with your family before it's too late! Time is running out!,1
YOU WON'T BELIEVE THIS! Leaked evidence proves the central banking cartel just voted to erase all personal savings accounts at midnight tomorrow. Corrupt politicians are working overtime to delete this post off every server right now. Don't wait for the fake news media to tell you — share this viral warning everywhere!,1
URGENT ALERT: Doctors and scientists are STUNNED — drinking raw onion juice with baking soda cures stage 4 cancer in exactly 48 hours 100% guaranteed! The mainstream media refuses to broadcast this because the elites are terrified. Wake up and share with your family before it's too late! Time is running out!,1
"The Food and Drug Administration announced that a rigorous safety review produced significant progress, confirming approval for a novel non-opioid pain management treatment. The initiative is scheduled for phased rollout across twelve regional hubs over the next fiscal year.",0
BOMBSHELL REVELATION: Doctors and scientists are STUNNED — an emergency broadcast warning urges everyone to stay indoors because toxic space clouds are entering the atmosphere! Big corporations are desperately suing to ban this truth from reaching the public. Share before Facebook and Google erase every copy of this shocking footage!,1
URGENT ALERT!!! A top scientist broke their silence to reveal that gravity is an illusion created by government radio towers! The mainstream media refuses to broadcast this because the elites are terrified. Don't wait for the fake news media to tell you — share this viral warning everywhere!,1
OFFICIAL STORY IS COLLAPSING! Leaked evidence proves big pharma executives held a secret meeting to ban a common backyard weed that permanently reverses all diabetes. Corrupt politicians are working overtime to delete this post off every server right now. Share before Facebook and Google erase every copy of this shocking footage!,1
"In a formal assessment of radar and satellite forecast models, senior meteorologists from The Meteorological Department verified through independent review timely onset of southwest monsoon rains across coastal agricultural belts. officials confirmed in an official statement on Monday.",0
"In a formal assessment of deep space observations, research teams from Astronomers at Caltech concluded a distant exoplanet with water vapor in its atmosphere. spokespersons told reporters following a bilateral review meeting.",0
A new study in fiscal policy led by The Ministry of Finance reported a 14% increase in direct tax collections driven by digital compliance systems. Senior officials noted that regulatory oversight will be maintained throughout the implementation phase.,0
"According to treasury officials at The Ministry of Finance, recent annual revenue audits revealed a 14% increase in direct tax collections driven by digital compliance systems. Senior officials noted that regulatory oversight will be maintained throughout the implementation phase. Details were according to findings published on the institutional repository.",0
"The European Central Bank has concluded gradual easing of headline inflation toward the 2% target, spokespersons told reporters following a bilateral review meeting. The project was funded through competitive academic research grants and cleared ethical review boards.",0
URGENT WARNING: A leaked military dossier proves the moon landing was staged in a hollywood basement and world leaders are clones — The mainstream media refuses to broadcast this because the elites are terrified. Every person must read this right now! Forward to save innocent lives!,1
"The National Oceanic and Atmospheric Administration announced that ocean temperature sensor arrays produced significant progress, confirming above-average sea surface temperatures across equatorial Pacific zones. Experts emphasized that further long-term monitoring will continue over the next two quarters.",0
They don't want you to know this: whistleblowers confirm that voting booths secretly switch all ballots using invisible microwave lasers. Corrupt politicians are working overtime to delete this post off every server right now. PLEASE Click here before the elites take down the server! 100% verified truth!,1
"In a formal assessment of a Phase 2 clinical trial, clinical researchers from Johns Hopkins Medicine outlined key milestones in a 35% reduction in recurring cardiovascular events with targeted therapy. scientists emphasized in an interview with the press.",0
URGENT WARNING: Scientists revealed that smartphones are absorbing human memories while you sleep to train deep-state robot armies — The global cabal wants you kept in the dark so they can maintain total control. Forward this to everyone in your contact list RIGHT NOW before it is banned!,1
VIRAL LEAK! Leaked evidence proves a leaked military dossier proves the moon landing was staged in a Hollywood basement and world leaders are clones. They are hiding the cure so they can keep charging innocent families millions. Share before Facebook and Google erase every copy of this shocking footage!,1
VIRAL LEAK! Leaked evidence proves leaked documents confirm elite politicians are secretly passing a bill to tax human breathing and sunlight. Big corporations are desperately suing to ban this truth from reaching the public. Click here before the elites take down the server! 100% verified truth!,1
DO NOT IGNORE THIS: Doctors and scientists are STUNNED — big pharma executives held a secret meeting to ban a common backyard weed that permanently reverses all diabetes! The mainstream media refuses to broadcast this because the elites are terrified. Click here before the elites take down the server! 100% verified truth!,1
THEY DON'T WANT YOU TO KNOW: Doctors and scientists are STUNNED — this one miraculous ancient fruit melts 30 pounds of pure fat in 3 days with zero diet or exercise required! Every major government agency is covering this up to protect their billionaire donors. Forward this to everyone in your contact list RIGHT NOW before it is banned!,1
"The European Space Agency has outlined key milestones in novel measurements of coronal mass ejections, spokespersons told reporters following a bilateral review meeting. Senior officials noted that regulatory oversight will be maintained throughout the implementation phase.",0
URGENT WARNING: Tap water nationwide has been poisoned with mind-control chemicals starting tonight so forward this to save lives — The official story is falling apart and insiders are finally blowing the whistle. Wake up and share with your family before it's too late! Time is running out!,1
MUST SHARE IMMEDIATELY!!! Schools are secretly microchipping all students through mandatory water bottles without parental consent! Corrupt politicians are working overtime to delete this post off every server right now. Do NOT let them silence the truth — repost immediately across every group!,1
"According to crop researchers at Agricultural scientists at ICAR, recent multi-season field trials revealed a drought-resilient wheat variety showing 18% higher yield in low-rainfall regions. The project was funded through competitive academic research grants and cleared ethical review boards. Details were the full dataset has been made accessible on the government portal for public review.",0
"In a formal assessment of a randomized controlled trial published in The Lancet, clinical pharmacologists from Researchers at Oxford University outlined key milestones in that a combined antiviral regimen significantly shortened recovery times. according to findings published on the institutional repository.",0
They don't want you to know this: secret underground facilities were discovered housing thousands of alien spacecraft ready to harvest human souls. Every major government agency is covering this up to protect their billionaire donors. PLEASE Wake up and share with your family before it's too late! Time is running out!,1
"URGENT WARNING: Bank insiders confirm a hidden federal program giving away $10,000 cash to anyone who clicks and shares this link — The mainstream media refuses to broadcast this because the elites are terrified. Share before Facebook and Google erase every copy of this shocking footage!",1
"In a formal assessment of peer-reviewed brain imaging studies, neurologists from Scientists at Stanford Medicine confirmed distinct neural pathway adaptations following cognitive behavioral interventions. officials confirmed in an official statement on Monday.",0
VIRAL LEAK! Leaked evidence proves eating this forbidden leaf makes you completely immune to every virus forever and pharma companies buried the research. Pharma billionaires have already threatened to assassinate the brave doctor who leaked this. Do NOT let them silence the truth — repost immediately across every group!,1
DO NOT IGNORE THIS!!! A top scientist broke their silence to reveal that gravity is an illusion created by government radio towers! The global cabal wants you kept in the dark so they can maintain total control. SHARE THIS BEFORE IT GETS DELETED!!!,1
"According to the Perseverance rover at NASA, recent Mars exploration revealed traces of ancient water-altered minerals in Jezero crater. The comprehensive study included longitudinal follow-ups over an eighteen-month evaluation window. Details were spokespersons told reporters following a bilateral review meeting.",0
URGENT WARNING: An emergency broadcast warning urges everyone to stay indoors because toxic space clouds are entering the atmosphere — Corrupt politicians are working overtime to delete this post off every server right now. Forward this to everyone in your contact list RIGHT NOW before it is banned!,1
They don't want you to know this: this one miraculous ancient fruit melts 30 pounds of pure fat in 3 days with zero diet or exercise required. Big corporations are desperately suing to ban this truth from reaching the public. PLEASE Forward this to everyone in your contact list RIGHT NOW before it is banned!,1
BOMBSHELL REVELATION! Leaked evidence proves drinking this secret kitchen spice cleanses every disease known to mankind overnight and doctors are furious. Pharma billionaires have already threatened to assassinate the brave doctor who leaked this. Every person must read this right now! Forward to save innocent lives!,1
SHOCKING! Leaked evidence proves secret government satellites are beaming frequencies into household taps to control civilian thought patterns. Every major government agency is covering this up to protect their billionaire donors. Click here before the elites take down the server! 100% verified truth!,1
"In a formal assessment of laboratory durability testing, materials scientists from Engineers at MIT verified through independent review a high-capacity solid-state battery retaining 92% capacity after 1,000 fast-charge cycles. according to documentation verified by an independent review committee.",0
"The Food and Drug Administration has verified through independent review approval for a novel non-opioid pain management treatment, according to findings published on the institutional repository. Independent auditors verified that all standard testing procedures were rigorously followed.",0
"According to a five-judge constitutional bench at The Supreme Court, recent a unanimous written verdict revealed reaffirming fundamental digital privacy standards under administrative law. The comprehensive study included longitudinal follow-ups over an eighteen-month evaluation window. Details were officials confirmed in an official statement on Monday.",0
"Engineers at MIT announced that laboratory durability testing produced significant progress, confirming a high-capacity solid-state battery retaining 92% capacity after 1,000 fast-charge cycles. Experts emphasized that further long-term monitoring will continue over the next two quarters.",0
They don't want you to know this: secret underground facilities were discovered housing thousands of alien spacecraft ready to harvest human souls. Every major government agency is covering this up to protect their billionaire donors. PLEASE Don't wait for the fake news media to tell you — share this viral warning everywhere!,1
URGENT WARNING: Drinking this secret kitchen spice cleanses every disease known to mankind overnight and doctors are furious — The official story is falling apart and insiders are finally blowing the whistle. Don't wait for the fake news media to tell you — share this viral warning everywhere!,1
"Doctors at Mayo Clinic has verified through independent review improved five-year survival rates using personalized immunotherapy protocols, analysts noted, citing audited data presented to parliament. Independent auditors verified that all standard testing procedures were rigorously followed.",0
"VIRAL LEAK! Leaked evidence proves bank insiders confirm a hidden federal program giving away $10,000 cash to anyone who clicks and shares this link. Corrupt politicians are working overtime to delete this post off every server right now. Share before Facebook and Google erase every copy of this shocking footage!",1
URGENT ALERT! Leaked evidence proves whistleblowers confirm that voting booths secretly switch all ballots using invisible microwave lasers. Every major government agency is covering this up to protect their billionaire donors. Wake up and share with your family before it's too late! Time is running out!,1
MINDBLOWING! Leaked evidence proves eating this forbidden leaf makes you completely immune to every virus forever and pharma companies buried the research. Big corporations are desperately suing to ban this truth from reaching the public. Share before Facebook and Google erase every copy of this shocking footage!,1
"In a formal assessment of deep space observations, research teams from Astronomers at Caltech verified through independent review a distant exoplanet with water vapor in its atmosphere. spokespersons told reporters following a bilateral review meeting.",0
"The Meteorological Department has announced timely onset of southwest monsoon rains across coastal agricultural belts, analysts noted, citing audited data presented to parliament. Experts emphasized that further long-term monitoring will continue over the next two quarters.",0
"The European Central Bank has concluded gradual easing of headline inflation toward the 2% target, scientists emphasized in an interview with the press. Independent auditors verified that all standard testing procedures were rigorously followed.",0
"DO NOT IGNORE THIS: Doctors and scientists are STUNNED — bank insiders confirm a hidden federal program giving away $10,000 cash to anyone who clicks and shares this link! Every major government agency is covering this up to protect their billionaire donors. Click here before the elites take down the server! 100% verified truth!",1
"The Election Commission announced that a formal press briefing produced significant progress, confirming the verified schedule and electronic voting security protocols for upcoming assembly elections. Independent auditors verified that all standard testing procedures were rigorously followed.",0
VIRAL LEAK!!! Secret government satellites are beaming frequencies into household taps to control civilian thought patterns! The official story is falling apart and insiders are finally blowing the whistle. Share before Facebook and Google erase every copy of this shocking footage!,1
They don't want you to know this: a top scientist broke their silence to reveal that gravity is an illusion created by government radio towers. They are hiding the cure so they can keep charging innocent families millions. PLEASE Don't wait for the fake news media to tell you — share this viral warning everywhere!,1
SHOCKING! Leaked evidence proves secret underground facilities were discovered housing thousands of alien spacecraft ready to harvest human souls. Every major government agency is covering this up to protect their billionaire donors. Share before Facebook and Google erase every copy of this shocking footage!,1
"The Reserve Bank announced that quarterly economic indicators produced significant progress, confirming keeping the benchmark lending rate unchanged at 6.5% amid moderating inflation. The findings were replicated across three independent laboratories prior to publication.",0
URGENT WARNING: Whistleblowers confirm that voting booths secretly switch all ballots using invisible microwave lasers — The official story is falling apart and insiders are finally blowing the whistle. Do NOT let them silence the truth — repost immediately across every group!,1
VIRAL LEAK!!! A famous cardiologist exposed that hospital heart surgeries are a fake scam to generate trillions in profit! Big corporations are desperately suing to ban this truth from reaching the public. Do NOT let them silence the truth — repost immediately across every group!,1
They don't want you to know this: a top scientist broke their silence to reveal that gravity is an illusion created by government radio towers. The mainstream media refuses to broadcast this because the elites are terrified. PLEASE Share before Facebook and Google erase every copy of this shocking footage!,1
BREAKING!!! Drinking this secret kitchen spice cleanses every disease known to mankind overnight and doctors are furious! The official story is falling apart and insiders are finally blowing the whistle. Wake up and share with your family before it's too late! Time is running out!,1
A new study in geology led by The Geological Survey announced identifying stable geothermal energy reserves capable of supporting municipal grid power. Independent auditors verified that all standard testing procedures were rigorously followed.,0
"The Indian Council of Medical Research announced that national serological surveys produced significant progress, confirming broad population immunity against seasonal influenza strains. Experts emphasized that further long-term monitoring will continue over the next two quarters.",0
DO NOT IGNORE THIS: Doctors and scientists are STUNNED — secret underground facilities were discovered housing thousands of alien spacecraft ready to harvest human souls! They are hiding the cure so they can keep charging innocent families millions. Do NOT let them silence the truth — repost immediately across every group!,1
"In a formal assessment of longitudinal genomic studies, senior investigators from The National Institutes of Health documented three previously unmapped genetic markers associated with late-onset Alzheimer's. the full dataset has been made accessible on the government portal for public review.",0
"They don't want you to know this: bank insiders confirm a hidden federal program giving away $10,000 cash to anyone who clicks and shares this link. Every major government agency is covering this up to protect their billionaire donors. PLEASE Do NOT let them silence the truth — repost immediately across every group!",1
A new study in cybersecurity led by Cybersecurity researchers at Carnegie Mellon outlined key milestones in patched vulnerabilities in open-source encryption libraries used by cloud providers. Senior officials noted that regulatory oversight will be maintained throughout the implementation phase.,0
"In a formal assessment of peer-reviewed brain imaging studies, neurologists from Scientists at Stanford Medicine released detailed data on distinct neural pathway adaptations following cognitive behavioral interventions. officials confirmed in an official statement on Monday.",0
HORRIFIC TRUTH!!! Big pharma executives held a secret meeting to ban a common backyard weed that permanently reverses all diabetes! The official story is falling apart and insiders are finally blowing the whistle. Every person must read this right now! Forward to save innocent lives!,1
A new study in judicial rulings led by The Supreme Court announced reaffirming fundamental digital privacy standards under administrative law. The project was funded through competitive academic research grants and cleared ethical review boards.,0
MINDBLOWING!!! A famous cardiologist exposed that hospital heart surgeries are a fake scam to generate trillions in profit! Big corporations are desperately suing to ban this truth from reaching the public. Click here before the elites take down the server! 100% verified truth!,1
A new study in genetics led by The National Institutes of Health published findings on three previously unmapped genetic markers associated with late-onset Alzheimer's. A formal briefing paper has been submitted to relevant regulatory bodies for technical review.,0
URGENT WARNING: Eating this forbidden leaf makes you completely immune to every virus forever and pharma companies buried the research — Big corporations are desperately suing to ban this truth from reaching the public. Don't wait for the fake news media to tell you — share this viral warning everywhere!,1
A new study in infectious diseases led by Researchers at Oxford University briefed journalists regarding that a combined antiviral regimen significantly shortened recovery times. The initiative is scheduled for phased rollout across twelve regional hubs over the next fiscal year.,0
"The Reserve Bank announced that quarterly economic indicators produced significant progress, confirming keeping the benchmark lending rate unchanged at 6.5% amid moderating inflation. Experts emphasized that further long-term monitoring will continue over the next two quarters.",0
SHOCKING! Leaked evidence proves leaked documents confirm elite politicians are secretly passing a bill to tax human breathing and sunlight. The mainstream media refuses to broadcast this because the elites are terrified. Don't wait for the fake news media to tell you — share this viral warning everywhere!,1
"In a formal assessment of a multi-center trial with 850 participants, oncology specialists from Doctors at Mayo Clinic confirmed improved five-year survival rates using personalized immunotherapy protocols. according to findings published on the institutional repository.",0
VIRAL LEAK! Leaked evidence proves leaked documents confirm elite politicians are secretly passing a bill to tax human breathing and sunlight. The mainstream media refuses to broadcast this because the elites are terrified. Don't wait for the fake news media to tell you — share this viral warning everywhere!,1
THEY DON'T WANT YOU TO KNOW!!! Drinking this secret kitchen spice cleanses every disease known to mankind overnight and doctors are furious! Pharma billionaires have already threatened to assassinate the brave doctor who leaked this. SHARE THIS BEFORE IT GETS DELETED!!!,1
"According to health authorities at The Indian Council of Medical Research, recent national serological surveys revealed broad population immunity against seasonal influenza strains. Senior officials noted that regulatory oversight will be maintained throughout the implementation phase. Details were the full dataset has been made accessible on the government portal for public review.",0
"They don't want you to know this: bank insiders confirm a hidden federal program giving away $10,000 cash to anyone who clicks and shares this link. Every major government agency is covering this up to protect their billionaire donors. PLEASE Forward this to everyone in your contact list RIGHT NOW before it is banned!",1
SHOCKING: Doctors and scientists are STUNNED — secret underground facilities were discovered housing thousands of alien spacecraft ready to harvest human souls! The global cabal wants you kept in the dark so they can maintain total control. Forward this to everyone in your contact list RIGHT NOW before it is banned!,1
THEY DON'T WANT YOU TO KNOW! Leaked evidence proves an emergency broadcast warning urges everyone to stay indoors because toxic space clouds are entering the atmosphere. Big corporations are desperately suing to ban this truth from reaching the public. Do NOT let them silence the truth — repost immediately across every group!,1
"In a formal assessment of national curriculum assessments, education board commissioners from The Ministry of Education documented a new merit scholarship program supporting 50,000 rural university students. scientists emphasized in an interview with the press.",0
URGENT WARNING: A leaked military dossier proves the moon landing was staged in a hollywood basement and world leaders are clones — Every major government agency is covering this up to protect their billionaire donors. Click here before the elites take down the server! 100% verified truth!,1
URGENT WARNING: This one miraculous ancient fruit melts 30 pounds of pure fat in 3 days with zero diet or exercise required — The mainstream media refuses to broadcast this because the elites are terrified. Do NOT let them silence the truth — repost immediately across every group!,1
"According to senior meteorologists at The Meteorological Department, recent radar and satellite forecast models revealed timely onset of southwest monsoon rains across coastal agricultural belts. A formal briefing paper has been submitted to relevant regulatory bodies for technical review. Details were the full dataset has been made accessible on the government portal for public review.",0
URGENT WARNING: Scientists revealed that smartphones are absorbing human memories while you sleep to train deep-state robot armies — The mainstream media refuses to broadcast this because the elites are terrified. Forward this to everyone in your contact list RIGHT NOW before it is banned!,1
"Agricultural scientists at ICAR has released detailed data on a drought-resilient wheat variety showing 18% higher yield in low-rainfall regions, according to figures confirmed by multiple participating research hospitals. The project was funded through competitive academic research grants and cleared ethical review boards.",0
"In a formal assessment of lunar sample tracking, flight controllers from ISRO released detailed data on mineralogical maps of the Moon's south pole region. spokespersons told reporters following a bilateral review meeting.",0
A new study in planetary science led by NASA verified through independent review traces of ancient water-altered minerals in Jezero crater. Experts emphasized that further long-term monitoring will continue over the next two quarters.,0
"NASA announced that Mars exploration produced significant progress, confirming traces of ancient water-altered minerals in Jezero crater. Experts emphasized that further long-term monitoring will continue over the next two quarters.",0
MINDBLOWING! Leaked evidence proves the central banking cartel just voted to erase all personal savings accounts at midnight tomorrow. Pharma billionaires have already threatened to assassinate the brave doctor who leaked this. Click here before the elites take down the server! 100% verified truth!,1
"In a formal assessment of annual revenue audits, treasury officials from The Ministry of Finance confirmed a 14% increase in direct tax collections driven by digital compliance systems. according to documentation verified by an independent review committee.",0
HORRIFIC TRUTH! Leaked evidence proves tap water nationwide has been poisoned with mind-control chemicals starting tonight so forward this to save lives. Every major government agency is covering this up to protect their billionaire donors. Forward this to everyone in your contact list RIGHT NOW before it is banned!,1
A new study in pharmacology led by The Food and Drug Administration documented approval for a novel non-opioid pain management treatment. Senior officials noted that regulatory oversight will be maintained throughout the implementation phase.,0
"According to flight controllers at ISRO, recent lunar sample tracking revealed mineralogical maps of the Moon's south pole region. The initiative is scheduled for phased rollout across twelve regional hubs over the next fiscal year. Details were officials confirmed in an official statement on Monday.",0
"The James Webb Space Telescope team announced that infrared observations produced significant progress, confirming high-redshift galaxies formed within 400 million years of the Big Bang. The project was funded through competitive academic research grants and cleared ethical review boards.",0
They don't want you to know this: a leaked military dossier proves the moon landing was staged in a Hollywood basement and world leaders are clones. Pharma billionaires have already threatened to assassinate the brave doctor who leaked this. PLEASE Do NOT let them silence the truth — repost immediately across every group!,1
They don't want you to know this: a leaked military dossier proves the moon landing was staged in a Hollywood basement and world leaders are clones. The official story is falling apart and insiders are finally blowing the whistle. PLEASE Every person must read this right now! Forward to save innocent lives!,1
A new study in infectious diseases led by Researchers at Oxford University verified through independent review that a combined antiviral regimen significantly shortened recovery times. The findings were replicated across three independent laboratories prior to publication.,0
A new study in space exploration led by ISRO published findings on mineralogical maps of the Moon's south pole region. The findings were replicated across three independent laboratories prior to publication.,0
VIRAL LEAK!!! A top scientist broke their silence to reveal that gravity is an illusion created by government radio towers! The global cabal wants you kept in the dark so they can maintain total control. Do NOT let them silence the truth — repost immediately across every group!,1
They don't want you to know this: the government announced an emergency law shutting down the entire internet permanently starting this Friday. Big corporations are desperately suing to ban this truth from reaching the public. PLEASE Do NOT let them silence the truth — repost immediately across every group!,1
"According to a five-judge constitutional bench at The Supreme Court, recent a unanimous written verdict revealed reaffirming fundamental digital privacy standards under administrative law. Senior officials noted that regulatory oversight will be maintained throughout the implementation phase. Details were according to figures confirmed by multiple participating research hospitals.",0
"In a formal assessment of peer-reviewed brain imaging studies, neurologists from Scientists at Stanford Medicine documented distinct neural pathway adaptations following cognitive behavioral interventions. according to documentation verified by an independent review committee.",0
"Researchers at Oxford University announced that a randomized controlled trial published in The Lancet produced significant progress, confirming that a combined antiviral regimen significantly shortened recovery times. The initiative is scheduled for phased rollout across twelve regional hubs over the next fiscal year.",0
"According to field geologists at The Geological Survey, recent seismic monitoring stations revealed identifying stable geothermal energy reserves capable of supporting municipal grid power. Experts emphasized that further long-term monitoring will continue over the next two quarters. Details were according to figures confirmed by multiple participating research hospitals.",0
HORRIFIC TRUTH!!! Tap water nationwide has been poisoned with mind-control chemicals starting tonight so forward this to save lives! The mainstream media refuses to broadcast this because the elites are terrified. Forward this to everyone in your contact list RIGHT NOW before it is banned!,1
WAKE UP SHEEPLE!!! Big pharma executives held a secret meeting to ban a common backyard weed that permanently reverses all diabetes! They are hiding the cure so they can keep charging innocent families millions. Share before Facebook and Google erase every copy of this shocking footage!,1
"In a formal assessment of peer-reviewed brain imaging studies, neurologists from Scientists at Stanford Medicine concluded distinct neural pathway adaptations following cognitive behavioral interventions. according to documentation verified by an independent review committee.",0
"According to a five-judge constitutional bench at The Supreme Court, recent a unanimous written verdict revealed reaffirming fundamental digital privacy standards under administrative law. The project was funded through competitive academic research grants and cleared ethical review boards. Details were according to a report published in a peer-reviewed journal.",0
URGENT WARNING: Secret government satellites are beaming frequencies into household taps to control civilian thought patterns — The official story is falling apart and insiders are finally blowing the whistle. Share before Facebook and Google erase every copy of this shocking footage!,1
WAKE UP SHEEPLE!!! Drinking this secret kitchen spice cleanses every disease known to mankind overnight and doctors are furious! Every major government agency is covering this up to protect their billionaire donors. SHARE THIS BEFORE IT GETS DELETED!!!,1
"According to network analysts at Cybersecurity researchers at Carnegie Mellon, recent an independent security audit revealed patched vulnerabilities in open-source encryption libraries used by cloud providers. A formal briefing paper has been submitted to relevant regulatory bodies for technical review. Details were according to documentation verified by an independent review committee.",0
"In a formal assessment of traffic monitoring sensors, city engineers from Municipal transport authorities verified through independent review a 22% reduction in peak-hour commute times following metro line phase two opening. officials confirmed in an official statement on Monday.",0
"The Indian Council of Medical Research has confirmed broad population immunity against seasonal influenza strains, spokespersons told reporters following a bilateral review meeting. Independent auditors verified that all standard testing procedures were rigorously followed.",0
"In a formal assessment of a Phase 2 clinical trial, clinical researchers from Johns Hopkins Medicine released detailed data on a 35% reduction in recurring cardiovascular events with targeted therapy. analysts noted, citing audited data presented to parliament.",0
They don't want you to know this: drinking raw onion juice with baking soda cures stage 4 cancer in exactly 48 hours 100% guaranteed. Corrupt politicians are working overtime to delete this post off every server right now. PLEASE Wake up and share with your family before it's too late! Time is running out!,1
EXPOSED! Leaked evidence proves big pharma executives held a secret meeting to ban a common backyard weed that permanently reverses all diabetes. The official story is falling apart and insiders are finally blowing the whistle. Do NOT let them silence the truth — repost immediately across every group!,1
"According to governing council representatives at The European Central Bank, recent regional financial stability reports revealed gradual easing of headline inflation toward the 2% target. The comprehensive study included longitudinal follow-ups over an eighteen-month evaluation window. Details were officials confirmed in an official statement on Monday.",0
DO NOT IGNORE THIS!!! Doctors were caught putting tracking chips into seasonal cough syrups to monitor your private conversations! The mainstream media refuses to broadcast this because the elites are terrified. Forward this to everyone in your contact list RIGHT NOW before it is banned!,1
"In a formal assessment of a rigorous safety review, advisory panel members from The Food and Drug Administration verified through independent review approval for a novel non-opioid pain management treatment. according to figures confirmed by multiple participating research hospitals.",0
YOU WON'T BELIEVE THIS: Doctors and scientists are STUNNED — the central banking cartel just voted to erase all personal savings accounts at midnight tomorrow! The official story is falling apart and insiders are finally blowing the whistle. Wake up and share with your family before it's too late! Time is running out!,1
SHOCKING!!! Secret underground facilities were discovered housing thousands of alien spacecraft ready to harvest human souls! The global cabal wants you kept in the dark so they can maintain total control. Wake up and share with your family before it's too late! Time is running out!,1
"According to oncology specialists at Doctors at Mayo Clinic, recent a multi-center trial with 850 participants revealed improved five-year survival rates using personalized immunotherapy protocols. The project was funded through competitive academic research grants and cleared ethical review boards. Details were according to official records released during a scheduled press conference.",0
"VIRAL LEAK! Leaked evidence proves bank insiders confirm a hidden federal program giving away $10,000 cash to anyone who clicks and shares this link. Every major government agency is covering this up to protect their billionaire donors. Forward this to everyone in your contact list RIGHT NOW before it is banned!",1
A new study in cardiology led by Johns Hopkins Medicine published findings on a 35% reduction in recurring cardiovascular events with targeted therapy. A formal briefing paper has been submitted to relevant regulatory bodies for technical review.,0
They don't want you to know this: leaked documents confirm elite politicians are secretly passing a bill to tax human breathing and sunlight. Every major government agency is covering this up to protect their billionaire donors. PLEASE Don't wait for the fake news media to tell you — share this viral warning everywhere!,1
WAKE UP SHEEPLE! Leaked evidence proves tap water nationwide has been poisoned with mind-control chemicals starting tonight so forward this to save lives. Corrupt politicians are working overtime to delete this post off every server right now. SHARE THIS BEFORE IT GETS DELETED!!!,1
"Doctors at Mayo Clinic announced that a multi-center trial with 850 participants produced significant progress, confirming improved five-year survival rates using personalized immunotherapy protocols. Experts emphasized that further long-term monitoring will continue over the next two quarters.",0
"In a formal assessment of surveillance data across 45 countries, epidemiologists from The World Health Organization verified through independent review a steady decline in global measles transmission following targeted vaccination campaigns. according to a report published in a peer-reviewed journal.",0
URGENT WARNING: Tap water nationwide has been poisoned with mind-control chemicals starting tonight so forward this to save lives — Corrupt politicians are working overtime to delete this post off every server right now. Forward this to everyone in your contact list RIGHT NOW before it is banned!,1
"In a formal assessment of lunar sample tracking, flight controllers from ISRO documented mineralogical maps of the Moon's south pole region. spokespersons told reporters following a bilateral review meeting.",0
BOMBSHELL REVELATION: Doctors and scientists are STUNNED — big pharma executives held a secret meeting to ban a common backyard weed that permanently reverses all diabetes! Pharma billionaires have already threatened to assassinate the brave doctor who leaked this. Click here before the elites take down the server! 100% verified truth!,1
"The Geological Survey announced that seismic monitoring stations produced significant progress, confirming identifying stable geothermal energy reserves capable of supporting municipal grid power. The initiative is scheduled for phased rollout across twelve regional hubs over the next fiscal year.",0
VIRAL LEAK! Leaked evidence proves schools are secretly microchipping all students through mandatory water bottles without parental consent. The mainstream media refuses to broadcast this because the elites are terrified. Every person must read this right now! Forward to save innocent lives!,1
URGENT WARNING: Schools are secretly microchipping all students through mandatory water bottles without parental consent — Pharma billionaires have already threatened to assassinate the brave doctor who leaked this. Do NOT let them silence the truth — repost immediately across every group!,1
"YOU WON'T BELIEVE THIS: Doctors and scientists are STUNNED — bank insiders confirm a hidden federal program giving away $10,000 cash to anyone who clicks and shares this link! The mainstream media refuses to broadcast this because the elites are terrified. Forward this to everyone in your contact list RIGHT NOW before it is banned!",1
"According to clinical pharmacologists at Researchers at Oxford University, recent a randomized controlled trial published in The Lancet revealed that a combined antiviral regimen significantly shortened recovery times. Independent auditors verified that all standard testing procedures were rigorously followed. Details were according to figures confirmed by multiple participating research hospitals.",0
URGENT WARNING: Eating this forbidden leaf makes you completely immune to every virus forever and pharma companies buried the research — Big corporations are desperately suing to ban this truth from reaching the public. Click here before the elites take down the server! 100% verified truth!,1
They don't want you to know this: eating this forbidden leaf makes you completely immune to every virus forever and pharma companies buried the research. They are hiding the cure so they can keep charging innocent families millions. PLEASE Forward this to everyone in your contact list RIGHT NOW before it is banned!,1
URGENT WARNING: Secret underground facilities were discovered housing thousands of alien spacecraft ready to harvest human souls — They are hiding the cure so they can keep charging innocent families millions. Do NOT let them silence the truth — repost immediately across every group!,1
"According to senior meteorologists at The Meteorological Department, recent radar and satellite forecast models revealed timely onset of southwest monsoon rains across coastal agricultural belts. Senior officials noted that regulatory oversight will be maintained throughout the implementation phase. Details were according to findings published on the institutional repository.",0
SHOCKING: Doctors and scientists are STUNNED — secret underground facilities were discovered housing thousands of alien spacecraft ready to harvest human souls! Big corporations are desperately suing to ban this truth from reaching the public. Forward this to everyone in your contact list RIGHT NOW before it is banned!,1
OFFICIAL STORY IS COLLAPSING! Leaked evidence proves leaked documents confirm elite politicians are secretly passing a bill to tax human breathing and sunlight. Pharma billionaires have already threatened to assassinate the brave doctor who leaked this. Every person must read this right now! Forward to save innocent lives!,1
A new study in particle physics led by Researchers at CERN briefed journalists regarding refined mass boundaries for heavy neutrino candidates. The comprehensive study included longitudinal follow-ups over an eighteen-month evaluation window.,0
They don't want you to know this: secret government satellites are beaming frequencies into household taps to control civilian thought patterns. The global cabal wants you kept in the dark so they can maintain total control. PLEASE Do NOT let them silence the truth — repost immediately across every group!,1
They don't want you to know this: secret government satellites are beaming frequencies into household taps to control civilian thought patterns. They are hiding the cure so they can keep charging innocent families millions. PLEASE Wake up and share with your family before it's too late! Time is running out!,1
A new study in electoral administration led by The Election Commission released detailed data on the verified schedule and electronic voting security protocols for upcoming assembly elections. The findings were replicated across three independent laboratories prior to publication.,0
"Researchers at CERN announced that particle collision experiments produced significant progress, confirming refined mass boundaries for heavy neutrino candidates. The findings were replicated across three independent laboratories prior to publication.",0
"In a formal assessment of solar orbital telemetry, mission specialists from The European Space Agency outlined key milestones in novel measurements of coronal mass ejections. according to findings published on the institutional repository.",0
"Cybersecurity researchers at Carnegie Mellon has released detailed data on patched vulnerabilities in open-source encryption libraries used by cloud providers, officials confirmed in an official statement on Monday. The project was funded through competitive academic research grants and cleared ethical review boards.",0
"According to epidemiologists at The World Health Organization, recent surveillance data across 45 countries revealed a steady decline in global measles transmission following targeted vaccination campaigns. The project was funded through competitive academic research grants and cleared ethical review boards. Details were scientists emphasized in an interview with the press.",0
URGENT WARNING: Schools are secretly microchipping all students through mandatory water bottles without parental consent — Corrupt politicians are working overtime to delete this post off every server right now. Don't wait for the fake news media to tell you — share this viral warning everywhere!,1
They don't want you to know this: schools are secretly microchipping all students through mandatory water bottles without parental consent. The mainstream media refuses to broadcast this because the elites are terrified. PLEASE Wake up and share with your family before it's too late! Time is running out!,1
"Astronomers at Caltech has concluded a distant exoplanet with water vapor in its atmosphere, according to documentation verified by an independent review committee. Experts emphasized that further long-term monitoring will continue over the next two quarters.",0
URGENT WARNING: Drinking this secret kitchen spice cleanses every disease known to mankind overnight and doctors are furious — Every major government agency is covering this up to protect their billionaire donors. Click here before the elites take down the server! 100% verified truth!,1
"ISRO announced that lunar sample tracking produced significant progress, confirming mineralogical maps of the Moon's south pole region. The project was funded through competitive academic research grants and cleared ethical review boards.",0
"According to advisory panel members at The Food and Drug Administration, recent a rigorous safety review revealed approval for a novel non-opioid pain management treatment. Senior officials noted that regulatory oversight will be maintained throughout the implementation phase. Details were scientists emphasized in an interview with the press.",0
"The Meteorological Department has announced timely onset of southwest monsoon rains across coastal agricultural belts, analysts noted, citing audited data presented to parliament. Experts emphasized that further long-term monitoring will continue over the next two quarters.",0
They don't want you to know this: the government announced an emergency law shutting down the entire internet permanently starting this Friday. Every major government agency is covering this up to protect their billionaire donors. PLEASE Don't wait for the fake news media to tell you — share this viral warning everywhere!,1
"In a formal assessment of deep space observations, research teams from Astronomers at Caltech reported a distant exoplanet with water vapor in its atmosphere. according to findings published on the institutional repository.",0
URGENT WARNING: Secret government satellites are beaming frequencies into household taps to control civilian thought patterns — The official story is falling apart and insiders are finally blowing the whistle. Forward this to everyone in your contact list RIGHT NOW before it is banned!,1
They don't want you to know this: the central banking cartel just voted to erase all personal savings accounts at midnight tomorrow. The mainstream media refuses to broadcast this because the elites are terrified. PLEASE Every person must read this right now! Forward to save innocent lives!,1
"The Reserve Bank announced that quarterly economic indicators produced significant progress, confirming keeping the benchmark lending rate unchanged at 6.5% amid moderating inflation. The comprehensive study included longitudinal follow-ups over an eighteen-month evaluation window.",0
BREAKING: Doctors and scientists are STUNNED — drinking this secret kitchen spice cleanses every disease known to mankind overnight and doctors are furious! Pharma billionaires have already threatened to assassinate the brave doctor who leaked this. Every person must read this right now! Forward to save innocent lives!,1
"URGENT WARNING: Bank insiders confirm a hidden federal program giving away $10,000 cash to anyone who clicks and shares this link — Corrupt politicians are working overtime to delete this post off every server right now. Do NOT let them silence the truth — repost immediately across every group!",1
A new study in public health led by The World Health Organization reported a steady decline in global measles transmission following targeted vaccination campaigns. The findings were replicated across three independent laboratories prior to publication.,0
URGENT WARNING: The government announced an emergency law shutting down the entire internet permanently starting this friday — Every major government agency is covering this up to protect their billionaire donors. Every person must read this right now! Forward to save innocent lives!,1
BOMBSHELL REVELATION: Doctors and scientists are STUNNED — secret underground facilities were discovered housing thousands of alien spacecraft ready to harvest human souls! The mainstream media refuses to broadcast this because the elites are terrified. Share before Facebook and Google erase every copy of this shocking footage!,1
THE MAINSTREAM MEDIA IS SILENT!!! Eating this forbidden leaf makes you completely immune to every virus forever and pharma companies buried the research! Big corporations are desperately suing to ban this truth from reaching the public. Wake up and share with your family before it's too late! Time is running out!,1
They don't want you to know this: an emergency broadcast warning urges everyone to stay indoors because toxic space clouds are entering the atmosphere. The global cabal wants you kept in the dark so they can maintain total control. PLEASE Wake up and share with your family before it's too late! Time is running out!,1
URGENT WARNING: Schools are secretly microchipping all students through mandatory water bottles without parental consent — The mainstream media refuses to broadcast this because the elites are terrified. Do NOT let them silence the truth — repost immediately across every group!,1
BOMBSHELL REVELATION! Leaked evidence proves schools are secretly microchipping all students through mandatory water bottles without parental consent. Corrupt politicians are working overtime to delete this post off every server right now. Share before Facebook and Google erase every copy of this shocking footage!,1
"The Election Commission announced that a formal press briefing produced significant progress, confirming the verified schedule and electronic voting security protocols for upcoming assembly elections. Experts emphasized that further long-term monitoring will continue over the next two quarters.",0
"According to materials scientists at Engineers at MIT, recent laboratory durability testing revealed a high-capacity solid-state battery retaining 92% capacity after 1,000 fast-charge cycles. The project was funded through competitive academic research grants and cleared ethical review boards. Details were the full dataset has been made accessible on the government portal for public review.",0
MUST SHARE IMMEDIATELY: Doctors and scientists are STUNNED — tap water nationwide has been poisoned with mind-control chemicals starting tonight so forward this to save lives! Corrupt politicians are working overtime to delete this post off every server right now. Don't wait for the fake news media to tell you — share this viral warning everywhere!,1
MINDBLOWING! Leaked evidence proves big pharma executives held a secret meeting to ban a common backyard weed that permanently reverses all diabetes. Corrupt politicians are working overtime to delete this post off every server right now. Wake up and share with your family before it's too late! Time is running out!,1
They don't want you to know this: a leaked military dossier proves the moon landing was staged in a Hollywood basement and world leaders are clones. Corrupt politicians are working overtime to delete this post off every server right now. PLEASE Forward this to everyone in your contact list RIGHT NOW before it is banned!,1
"In a formal assessment of infrared observations, lead scientists from The James Webb Space Telescope team concluded high-redshift galaxies formed within 400 million years of the Big Bang. spokespersons told reporters following a bilateral review meeting.",0
"In a formal assessment of traffic monitoring sensors, city engineers from Municipal transport authorities confirmed a 22% reduction in peak-hour commute times following metro line phase two opening. according to figures confirmed by multiple participating research hospitals.",0
URGENT ALERT: Doctors and scientists are STUNNED — tap water nationwide has been poisoned with mind-control chemicals starting tonight so forward this to save lives! They are hiding the cure so they can keep charging innocent families millions. Share before Facebook and Google erase every copy of this shocking footage!,1
They don't want you to know this: a famous cardiologist exposed that hospital heart surgeries are a fake scam to generate trillions in profit. Big corporations are desperately suing to ban this truth from reaching the public. PLEASE Do NOT let them silence the truth — repost immediately across every group!,1
A new study in oncology led by Doctors at Mayo Clinic announced improved five-year survival rates using personalized immunotherapy protocols. The initiative is scheduled for phased rollout across twelve regional hubs over the next fiscal year.,0
OFFICIAL STORY IS COLLAPSING: Doctors and scientists are STUNNED — drinking raw onion juice with baking soda cures stage 4 cancer in exactly 48 hours 100% guaranteed! Big corporations are desperately suing to ban this truth from reaching the public. Every person must read this right now! Forward to save innocent lives!,1
A new study in particle physics led by Researchers at CERN released detailed data on refined mass boundaries for heavy neutrino candidates. The initiative is scheduled for phased rollout across twelve regional hubs over the next fiscal year.,0
URGENT WARNING: This one miraculous ancient fruit melts 30 pounds of pure fat in 3 days with zero diet or exercise required — The global cabal wants you kept in the dark so they can maintain total control. Don't wait for the fake news media to tell you — share this viral warning everywhere!,1
"The James Webb Space Telescope team announced that infrared observations produced significant progress, confirming high-redshift galaxies formed within 400 million years of the Big Bang. A formal briefing paper has been submitted to relevant regulatory bodies for technical review.",0
"According to health authorities at The Indian Council of Medical Research, recent national serological surveys revealed broad population immunity against seasonal influenza strains. Experts emphasized that further long-term monitoring will continue over the next two quarters. Details were according to findings published on the institutional repository.",0
BREAKING! Leaked evidence proves a leaked military dossier proves the moon landing was staged in a Hollywood basement and world leaders are clones. Pharma billionaires have already threatened to assassinate the brave doctor who leaked this. Share before Facebook and Google erase every copy of this shocking footage!,1
"In a formal assessment of quarterly economic indicators, monetary policy committee members from The Reserve Bank documented keeping the benchmark lending rate unchanged at 6.5% amid moderating inflation. according to a report published in a peer-reviewed journal.",0
"The Reserve Bank announced that quarterly economic indicators produced significant progress, confirming keeping the benchmark lending rate unchanged at 6.5% amid moderating inflation. The initiative is scheduled for phased rollout across twelve regional hubs over the next fiscal year.",0
YOU WON'T BELIEVE THIS!!! Whistleblowers confirm that voting booths secretly switch all ballots using invisible microwave lasers! Pharma billionaires have already threatened to assassinate the brave doctor who leaked this. Click here before the elites take down the server! 100% verified truth!,1
"The Food and Drug Administration announced that a rigorous safety review produced significant progress, confirming approval for a novel non-opioid pain management treatment. The findings were replicated across three independent laboratories prior to publication.",0
"In a formal assessment of longitudinal genomic studies, senior investigators from The National Institutes of Health reported three previously unmapped genetic markers associated with late-onset Alzheimer's. scientists emphasized in an interview with the press.",0
"The Election Commission has documented the verified schedule and electronic voting security protocols for upcoming assembly elections, according to findings published on the institutional repository. Independent auditors verified that all standard testing procedures were rigorously followed.",0
VIRAL LEAK: Doctors and scientists are STUNNED — eating this forbidden leaf makes you completely immune to every virus forever and pharma companies buried the research! Corrupt politicians are working overtime to delete this post off every server right now. Every person must read this right now! Forward to save innocent lives!,1
EXPOSED!!! Scientists revealed that smartphones are absorbing human memories while you sleep to train deep-state robot armies! Big corporations are desperately suing to ban this truth from reaching the public. Share before Facebook and Google erase every copy of this shocking footage!,1
"The European Space Agency announced that solar orbital telemetry produced significant progress, confirming novel measurements of coronal mass ejections. The initiative is scheduled for phased rollout across twelve regional hubs over the next fiscal year.",0
URGENT WARNING: Leaked documents confirm elite politicians are secretly passing a bill to tax human breathing and sunlight — Big corporations are desperately suing to ban this truth from reaching the public. Wake up and share with your family before it's too late! Time is running out!,1
THEY DON'T WANT YOU TO KNOW!!! Leaked documents confirm elite politicians are secretly passing a bill to tax human breathing and sunlight! They are hiding the cure so they can keep charging innocent families millions. Forward this to everyone in your contact list RIGHT NOW before it is banned!,1
"Astronomers at Caltech has released detailed data on a distant exoplanet with water vapor in its atmosphere, according to documentation verified by an independent review committee. Independent auditors verified that all standard testing procedures were rigorously followed.",0
URGENT ALERT: Doctors and scientists are STUNNED — scientists revealed that smartphones are absorbing human memories while you sleep to train deep-state robot armies! Big corporations are desperately suing to ban this truth from reaching the public. Do NOT let them silence the truth — repost immediately across every group!,1
"In a formal assessment of national serological surveys, health authorities from The Indian Council of Medical Research published findings on broad population immunity against seasonal influenza strains. according to a report published in a peer-reviewed journal.",0
A new study in electoral administration led by The Election Commission reported the verified schedule and electronic voting security protocols for upcoming assembly elections. Senior officials noted that regulatory oversight will be maintained throughout the implementation phase.,0
YOU WON'T BELIEVE THIS! Leaked evidence proves this one miraculous ancient fruit melts 30 pounds of pure fat in 3 days with zero diet or exercise required. Corrupt politicians are working overtime to delete this post off every server right now. Do NOT let them silence the truth — repost immediately across every group!,1
"In a formal assessment of a Phase 2 clinical trial, clinical researchers from Johns Hopkins Medicine confirmed a 35% reduction in recurring cardiovascular events with targeted therapy. analysts noted, citing audited data presented to parliament.",0
"According to a five-judge constitutional bench at The Supreme Court, recent a unanimous written verdict revealed reaffirming fundamental digital privacy standards under administrative law. The project was funded through competitive academic research grants and cleared ethical review boards. Details were according to figures confirmed by multiple participating research hospitals.",0
"In a formal assessment of Mars exploration, the Perseverance rover from NASA published findings on traces of ancient water-altered minerals in Jezero crater. scientists emphasized in an interview with the press.",0
A new study in monetary policy led by The Reserve Bank published findings on keeping the benchmark lending rate unchanged at 6.5% amid moderating inflation. The comprehensive study included longitudinal follow-ups over an eighteen-month evaluation window.,0
VIRAL LEAK! Leaked evidence proves eating this forbidden leaf makes you completely immune to every virus forever and pharma companies buried the research. The official story is falling apart and insiders are finally blowing the whistle. Don't wait for the fake news media to tell you — share this viral warning everywhere!,1
URGENT WARNING: A famous cardiologist exposed that hospital heart surgeries are a fake scam to generate trillions in profit — Corrupt politicians are working overtime to delete this post off every server right now. Don't wait for the fake news media to tell you — share this viral warning everywhere!,1
SHOCKING!!! Drinking raw onion juice with baking soda cures stage 4 cancer in exactly 48 hours 100% guaranteed! Corrupt politicians are working overtime to delete this post off every server right now. Do NOT let them silence the truth — repost immediately across every group!,1
"MUST SHARE IMMEDIATELY!!! Bank insiders confirm a hidden federal program giving away $10,000 cash to anyone who clicks and shares this link! Corrupt politicians are working overtime to delete this post off every server right now. Click here before the elites take down the server! 100% verified truth!",1
MINDBLOWING: Doctors and scientists are STUNNED — secret government satellites are beaming frequencies into household taps to control civilian thought patterns! Big corporations are desperately suing to ban this truth from reaching the public. Click here before the elites take down the server! 100% verified truth!,1
MINDBLOWING! Leaked evidence proves eating this forbidden leaf makes you completely immune to every virus forever and pharma companies buried the research. Every major government agency is covering this up to protect their billionaire donors. Do NOT let them silence the truth — repost immediately across every group!,1
"In a formal assessment of a randomized controlled trial published in The Lancet, clinical pharmacologists from Researchers at Oxford University concluded that a combined antiviral regimen significantly shortened recovery times. according to a report published in a peer-reviewed journal.",0
"Municipal transport authorities has confirmed a 22% reduction in peak-hour commute times following metro line phase two opening, according to documentation verified by an independent review committee. Independent auditors verified that all standard testing procedures were rigorously followed.",0
"According to treasury officials at The Ministry of Finance, recent annual revenue audits revealed a 14% increase in direct tax collections driven by digital compliance systems. A formal briefing paper has been submitted to relevant regulatory bodies for technical review. Details were according to a report published in a peer-reviewed journal.",0
They don't want you to know this: scientists revealed that smartphones are absorbing human memories while you sleep to train deep-state robot armies. They are hiding the cure so they can keep charging innocent families millions. PLEASE Every person must read this right now! Forward to save innocent lives!,1
BOMBSHELL REVELATION!!! Eating this forbidden leaf makes you completely immune to every virus forever and pharma companies buried the research! Big corporations are desperately suing to ban this truth from reaching the public. Do NOT let them silence the truth — repost immediately across every group!,1
URGENT WARNING: A leaked military dossier proves the moon landing was staged in a hollywood basement and world leaders are clones — Big corporations are desperately suing to ban this truth from reaching the public. Do NOT let them silence the truth — repost immediately across every group!,1
"In a formal assessment of national serological surveys, health authorities from The Indian Council of Medical Research documented broad population immunity against seasonal influenza strains. officials confirmed in an official statement on Monday.",0
"The National Oceanic and Atmospheric Administration has concluded above-average sea surface temperatures across equatorial Pacific zones, according to official records released during a scheduled press conference. Experts emphasized that further long-term monitoring will continue over the next two quarters.",0
"According to physicists at Researchers at CERN, recent particle collision experiments revealed refined mass boundaries for heavy neutrino candidates. The project was funded through competitive academic research grants and cleared ethical review boards. Details were according to official records released during a scheduled press conference.",0
"EXPOSED! Leaked evidence proves bank insiders confirm a hidden federal program giving away $10,000 cash to anyone who clicks and shares this link. The global cabal wants you kept in the dark so they can maintain total control. Wake up and share with your family before it's too late! Time is running out!",1
WAKE UP SHEEPLE!!! Doctors were caught putting tracking chips into seasonal cough syrups to monitor your private conversations! The mainstream media refuses to broadcast this because the elites are terrified. Wake up and share with your family before it's too late! Time is running out!,1
They don't want you to know this: secret underground facilities were discovered housing thousands of alien spacecraft ready to harvest human souls. The mainstream media refuses to broadcast this because the elites are terrified. PLEASE Every person must read this right now! Forward to save innocent lives!,1
"Agricultural scientists at ICAR has reported a drought-resilient wheat variety showing 18% higher yield in low-rainfall regions, officials confirmed in an official statement on Monday. The comprehensive study included longitudinal follow-ups over an eighteen-month evaluation window.",0
A new study in public health led by The World Health Organization confirmed a steady decline in global measles transmission following targeted vaccination campaigns. The comprehensive study included longitudinal follow-ups over an eighteen-month evaluation window.,0
BOMBSHELL REVELATION!!! Drinking this secret kitchen spice cleanses every disease known to mankind overnight and doctors are furious! The mainstream media refuses to broadcast this because the elites are terrified. SHARE THIS BEFORE IT GETS DELETED!!!,1
BOMBSHELL REVELATION! Leaked evidence proves a leaked military dossier proves the moon landing was staged in a Hollywood basement and world leaders are clones. They are hiding the cure so they can keep charging innocent families millions. Wake up and share with your family before it's too late! Time is running out!,1
They don't want you to know this: scientists revealed that smartphones are absorbing human memories while you sleep to train deep-state robot armies. The global cabal wants you kept in the dark so they can maintain total control. PLEASE Don't wait for the fake news media to tell you — share this viral warning everywhere!,1
URGENT WARNING: Scientists revealed that smartphones are absorbing human memories while you sleep to train deep-state robot armies — Pharma billionaires have already threatened to assassinate the brave doctor who leaked this. Click here before the elites take down the server! 100% verified truth!,1
A new study in monetary policy led by The Reserve Bank verified through independent review keeping the benchmark lending rate unchanged at 6.5% amid moderating inflation. Independent auditors verified that all standard testing procedures were rigorously followed.,0
VIRAL LEAK!!! Whistleblowers confirm that voting booths secretly switch all ballots using invisible microwave lasers! They are hiding the cure so they can keep charging innocent families millions. Wake up and share with your family before it's too late! Time is running out!,1
"In a formal assessment of a multi-center trial with 850 participants, oncology specialists from Doctors at Mayo Clinic briefed journalists regarding improved five-year survival rates using personalized immunotherapy protocols. scientists emphasized in an interview with the press.",0
BREAKING!!! Leaked documents confirm elite politicians are secretly passing a bill to tax human breathing and sunlight! Pharma billionaires have already threatened to assassinate the brave doctor who leaked this. Click here before the elites take down the server! 100% verified truth!,1
A new study in agronomy led by Agricultural scientists at ICAR released detailed data on a drought-resilient wheat variety showing 18% higher yield in low-rainfall regions. The initiative is scheduled for phased rollout across twelve regional hubs over the next fiscal year.,0
BREAKING: Doctors and scientists are STUNNED — this one miraculous ancient fruit melts 30 pounds of pure fat in 3 days with zero diet or exercise required! The mainstream media refuses to broadcast this because the elites are terrified. Forward this to everyone in your contact list RIGHT NOW before it is banned!,1
"In a formal assessment of an independent security audit, network analysts from Cybersecurity researchers at Carnegie Mellon reported patched vulnerabilities in open-source encryption libraries used by cloud providers. according to a report published in a peer-reviewed journal.",0
They don't want you to know this: the government announced an emergency law shutting down the entire internet permanently starting this Friday. The official story is falling apart and insiders are finally blowing the whistle. PLEASE Click here before the elites take down the server! 100% verified truth!,1
URGENT WARNING: Tap water nationwide has been poisoned with mind-control chemicals starting tonight so forward this to save lives — Pharma billionaires have already threatened to assassinate the brave doctor who leaked this. SHARE THIS BEFORE IT GETS DELETED!!!,1
HORRIFIC TRUTH! Leaked evidence proves a famous cardiologist exposed that hospital heart surgeries are a fake scam to generate trillions in profit. Every major government agency is covering this up to protect their billionaire donors. Do NOT let them silence the truth — repost immediately across every group!,1
MUST SHARE IMMEDIATELY: Doctors and scientists are STUNNED — the central banking cartel just voted to erase all personal savings accounts at midnight tomorrow! The global cabal wants you kept in the dark so they can maintain total control. Don't wait for the fake news media to tell you — share this viral warning everywhere!,1
URGENT WARNING: Secret government satellites are beaming frequencies into household taps to control civilian thought patterns — They are hiding the cure so they can keep charging innocent families millions. SHARE THIS BEFORE IT GETS DELETED!!!,1
SHOCKING: Doctors and scientists are STUNNED — drinking this secret kitchen spice cleanses every disease known to mankind overnight and doctors are furious! The official story is falling apart and insiders are finally blowing the whistle. Click here before the elites take down the server! 100% verified truth!,1
They don't want you to know this: schools are secretly microchipping all students through mandatory water bottles without parental consent. The mainstream media refuses to broadcast this because the elites are terrified. PLEASE Do NOT let them silence the truth — repost immediately across every group!,1
"In a formal assessment of national curriculum assessments, education board commissioners from The Ministry of Education documented a new merit scholarship program supporting 50,000 rural university students. the full dataset has been made accessible on the government portal for public review.",0
"The European Space Agency announced that solar orbital telemetry produced significant progress, confirming novel measurements of coronal mass ejections. The findings were replicated across three independent laboratories prior to publication.",0
"The Indian Council of Medical Research has concluded broad population immunity against seasonal influenza strains, according to findings published on the institutional repository. A formal briefing paper has been submitted to relevant regulatory bodies for technical review.",0
URGENT WARNING: This one miraculous ancient fruit melts 30 pounds of pure fat in 3 days with zero diet or exercise required — The global cabal wants you kept in the dark so they can maintain total control. SHARE THIS BEFORE IT GETS DELETED!!!,1
A new study in genetics led by The National Institutes of Health concluded three previously unmapped genetic markers associated with late-onset Alzheimer's. The findings were replicated across three independent laboratories prior to publication.,0
"The Supreme Court announced that a unanimous written verdict produced significant progress, confirming reaffirming fundamental digital privacy standards under administrative law. A formal briefing paper has been submitted to relevant regulatory bodies for technical review.",0
"According to senior electoral officers at The Election Commission, recent a formal press briefing revealed the verified schedule and electronic voting security protocols for upcoming assembly elections. A formal briefing paper has been submitted to relevant regulatory bodies for technical review. Details were according to findings published on the institutional repository.",0
OFFICIAL STORY IS COLLAPSING: Doctors and scientists are STUNNED — the central banking cartel just voted to erase all personal savings accounts at midnight tomorrow! Big corporations are desperately suing to ban this truth from reaching the public. Click here before the elites take down the server! 100% verified truth!,1
URGENT WARNING: Leaked documents confirm elite politicians are secretly passing a bill to tax human breathing and sunlight — Big corporations are desperately suing to ban this truth from reaching the public. Don't wait for the fake news media to tell you — share this viral warning everywhere!,1
"Cybersecurity researchers at Carnegie Mellon has announced patched vulnerabilities in open-source encryption libraries used by cloud providers, analysts noted, citing audited data presented to parliament. The initiative is scheduled for phased rollout across twelve regional hubs over the next fiscal year.",0
"According to physicists at Researchers at CERN, recent particle collision experiments revealed refined mass boundaries for heavy neutrino candidates. Experts emphasized that further long-term monitoring will continue over the next two quarters. Details were scientists emphasized in an interview with the press.",0
"In a formal assessment of national curriculum assessments, education board commissioners from The Ministry of Education announced a new merit scholarship program supporting 50,000 rural university students. according to documentation verified by an independent review committee.",0
"According to flight controllers at ISRO, recent lunar sample tracking revealed mineralogical maps of the Moon's south pole region. A formal briefing paper has been submitted to relevant regulatory bodies for technical review. Details were the full dataset has been made accessible on the government portal for public review.",0
They don't want you to know this: secret underground facilities were discovered housing thousands of alien spacecraft ready to harvest human souls. They are hiding the cure so they can keep charging innocent families millions. PLEASE Do NOT let them silence the truth — repost immediately across every group!,1
"According to monetary policy committee members at The Reserve Bank, recent quarterly economic indicators revealed keeping the benchmark lending rate unchanged at 6.5% amid moderating inflation. The initiative is scheduled for phased rollout across twelve regional hubs over the next fiscal year. Details were according to documentation verified by an independent review committee.",0
"The Reserve Bank has outlined key milestones in keeping the benchmark lending rate unchanged at 6.5% amid moderating inflation, according to a report published in a peer-reviewed journal. The initiative is scheduled for phased rollout across twelve regional hubs over the next fiscal year.",0
MUST SHARE IMMEDIATELY: Doctors and scientists are STUNNED — a famous cardiologist exposed that hospital heart surgeries are a fake scam to generate trillions in profit! Pharma billionaires have already threatened to assassinate the brave doctor who leaked this. Every person must read this right now! Forward to save innocent lives!,1
THEY DON'T WANT YOU TO KNOW! Leaked evidence proves a top scientist broke their silence to reveal that gravity is an illusion created by government radio towers. The mainstream media refuses to broadcast this because the elites are terrified. Wake up and share with your family before it's too late! Time is running out!,1
URGENT WARNING: Doctors were caught putting tracking chips into seasonal cough syrups to monitor your private conversations — The official story is falling apart and insiders are finally blowing the whistle. SHARE THIS BEFORE IT GETS DELETED!!!,1
"According to network analysts at Cybersecurity researchers at Carnegie Mellon, recent an independent security audit revealed patched vulnerabilities in open-source encryption libraries used by cloud providers. The findings were replicated across three independent laboratories prior to publication. Details were according to official records released during a scheduled press conference.",0
"Astronomers at Caltech has concluded a distant exoplanet with water vapor in its atmosphere, according to figures confirmed by multiple participating research hospitals. The findings were replicated across three independent laboratories prior to publication.",0
"A new study in labor economics led by The Bureau of Labor Statistics confirmed the addition of 175,000 nonfarm payroll jobs and an unemployment rate of 3.8%. A formal briefing paper has been submitted to relevant regulatory bodies for technical review.",0
"Municipal transport authorities has outlined key milestones in a 22% reduction in peak-hour commute times following metro line phase two opening, the full dataset has been made accessible on the government portal for public review. The project was funded through competitive academic research grants and cleared ethical review boards.",0
VIRAL LEAK: Doctors and scientists are STUNNED — eating this forbidden leaf makes you completely immune to every virus forever and pharma companies buried the research! They are hiding the cure so they can keep charging innocent families millions. Every person must read this right now! Forward to save innocent lives!,1
URGENT ALERT! Leaked evidence proves scientists revealed that smartphones are absorbing human memories while you sleep to train deep-state robot armies. They are hiding the cure so they can keep charging innocent families millions. Don't wait for the fake news media to tell you — share this viral warning everywhere!,1
"In a formal assessment of Mars exploration, the Perseverance rover from NASA briefed journalists regarding traces of ancient water-altered minerals in Jezero crater. spokespersons told reporters following a bilateral review meeting.",0
A new study in urban infrastructure led by Municipal transport authorities briefed journalists regarding a 22% reduction in peak-hour commute times following metro line phase two opening. The initiative is scheduled for phased rollout across twelve regional hubs over the next fiscal year.,0
URGENT WARNING: Leaked documents confirm elite politicians are secretly passing a bill to tax human breathing and sunlight — Pharma billionaires have already threatened to assassinate the brave doctor who leaked this. Click here before the elites take down the server! 100% verified truth!,1
MUST SHARE IMMEDIATELY: Doctors and scientists are STUNNED — big pharma executives held a secret meeting to ban a common backyard weed that permanently reverses all diabetes! The mainstream media refuses to broadcast this because the elites are terrified. Do NOT let them silence the truth — repost immediately across every group!,1
"According to mission specialists at The European Space Agency, recent solar orbital telemetry revealed novel measurements of coronal mass ejections. Independent auditors verified that all standard testing procedures were rigorously followed. Details were scientists emphasized in an interview with the press.",0
"The European Central Bank has verified through independent review gradual easing of headline inflation toward the 2% target, according to findings published on the institutional repository. The initiative is scheduled for phased rollout across twelve regional hubs over the next fiscal year.",0
A new study in agronomy led by Agricultural scientists at ICAR released detailed data on a drought-resilient wheat variety showing 18% higher yield in low-rainfall regions. The comprehensive study included longitudinal follow-ups over an eighteen-month evaluation window.,0
"According to lead scientists at The James Webb Space Telescope team, recent infrared observations revealed high-redshift galaxies formed within 400 million years of the Big Bang. The comprehensive study included longitudinal follow-ups over an eighteen-month evaluation window. Details were according to official records released during a scheduled press conference.",0
"The James Webb Space Telescope team has concluded high-redshift galaxies formed within 400 million years of the Big Bang, according to official records released during a scheduled press conference. Senior officials noted that regulatory oversight will be maintained throughout the implementation phase.",0
"According to network analysts at Cybersecurity researchers at Carnegie Mellon, recent an independent security audit revealed patched vulnerabilities in open-source encryption libraries used by cloud providers. A formal briefing paper has been submitted to relevant regulatory bodies for technical review. Details were according to findings published on the institutional repository.",0
SHOCKING: Doctors and scientists are STUNNED — doctors were caught putting tracking chips into seasonal cough syrups to monitor your private conversations! The global cabal wants you kept in the dark so they can maintain total control. Forward this to everyone in your contact list RIGHT NOW before it is banned!,1
"In a formal assessment of laboratory durability testing, materials scientists from Engineers at MIT concluded a high-capacity solid-state battery retaining 92% capacity after 1,000 fast-charge cycles. officials confirmed in an official statement on Monday.",0
"In a formal assessment of Mars exploration, the Perseverance rover from NASA released detailed data on traces of ancient water-altered minerals in Jezero crater. according to documentation verified by an independent review committee.",0
A new study in urban infrastructure led by Municipal transport authorities published findings on a 22% reduction in peak-hour commute times following metro line phase two opening. Senior officials noted that regulatory oversight will be maintained throughout the implementation phase.,0
"ISRO has announced mineralogical maps of the Moon's south pole region, according to documentation verified by an independent review committee. A formal briefing paper has been submitted to relevant regulatory bodies for technical review.",0
A new study in infectious diseases led by Researchers at Oxford University released detailed data on that a combined antiviral regimen significantly shortened recovery times. The project was funded through competitive academic research grants and cleared ethical review boards.,0
"The Ministry of Education announced that national curriculum assessments produced significant progress, confirming a new merit scholarship program supporting 50,000 rural university students. The findings were replicated across three independent laboratories prior to publication.",0
"In a formal assessment of peer-reviewed brain imaging studies, neurologists from Scientists at Stanford Medicine released detailed data on distinct neural pathway adaptations following cognitive behavioral interventions. according to findings published on the institutional repository.",0
YOU WON'T BELIEVE THIS: Doctors and scientists are STUNNED — drinking this secret kitchen spice cleanses every disease known to mankind overnight and doctors are furious! Pharma billionaires have already threatened to assassinate the brave doctor who leaked this. SHARE THIS BEFORE IT GETS DELETED!!!,1
"Researchers at CERN has documented refined mass boundaries for heavy neutrino candidates, spokespersons told reporters following a bilateral review meeting. A formal briefing paper has been submitted to relevant regulatory bodies for technical review.",0
They don't want you to know this: the central banking cartel just voted to erase all personal savings accounts at midnight tomorrow. The mainstream media refuses to broadcast this because the elites are terrified. PLEASE Wake up and share with your family before it's too late! Time is running out!,1
A new study in fiscal policy led by The Ministry of Finance released detailed data on a 14% increase in direct tax collections driven by digital compliance systems. Independent auditors verified that all standard testing procedures were rigorously followed.,0
"In a formal assessment of laboratory durability testing, materials scientists from Engineers at MIT released detailed data on a high-capacity solid-state battery retaining 92% capacity after 1,000 fast-charge cycles. according to a report published in a peer-reviewed journal.",0
"In a formal assessment of infrared observations, lead scientists from The James Webb Space Telescope team announced high-redshift galaxies formed within 400 million years of the Big Bang. according to official records released during a scheduled press conference.",0
"In a formal assessment of longitudinal genomic studies, senior investigators from The National Institutes of Health released detailed data on three previously unmapped genetic markers associated with late-onset Alzheimer's. according to official records released during a scheduled press conference.",0
"In a formal assessment of an independent security audit, network analysts from Cybersecurity researchers at Carnegie Mellon briefed journalists regarding patched vulnerabilities in open-source encryption libraries used by cloud providers. the full dataset has been made accessible on the government portal for public review.",0
"In a formal assessment of multi-season field trials, crop researchers from Agricultural scientists at ICAR documented a drought-resilient wheat variety showing 18% higher yield in low-rainfall regions. according to a report published in a peer-reviewed journal.",0
A new study in public health led by The World Health Organization reported a steady decline in global measles transmission following targeted vaccination campaigns. The initiative is scheduled for phased rollout across twelve regional hubs over the next fiscal year.,0
"According to health authorities at The Indian Council of Medical Research, recent national serological surveys revealed broad population immunity against seasonal influenza strains. A formal briefing paper has been submitted to relevant regulatory bodies for technical review. Details were according to official records released during a scheduled press conference.",0
MUST SHARE IMMEDIATELY! Leaked evidence proves drinking this secret kitchen spice cleanses every disease known to mankind overnight and doctors are furious. Every major government agency is covering this up to protect their billionaire donors. SHARE THIS BEFORE IT GETS DELETED!!!,1
BOMBSHELL REVELATION! Leaked evidence proves scientists revealed that smartphones are absorbing human memories while you sleep to train deep-state robot armies. Every major government agency is covering this up to protect their billionaire donors. Don't wait for the fake news media to tell you — share this viral warning everywhere!,1
THEY DON'T WANT YOU TO KNOW! Leaked evidence proves an emergency broadcast warning urges everyone to stay indoors because toxic space clouds are entering the atmosphere. Big corporations are desperately suing to ban this truth from reaching the public. Do NOT let them silence the truth — repost immediately across every group!,1
THE MAINSTREAM MEDIA IS SILENT! Leaked evidence proves leaked documents confirm elite politicians are secretly passing a bill to tax human breathing and sunlight. Pharma billionaires have already threatened to assassinate the brave doctor who leaked this. Wake up and share with your family before it's too late! Time is running out!,1
THEY DON'T WANT YOU TO KNOW!!! Leaked documents confirm elite politicians are secretly passing a bill to tax human breathing and sunlight! The official story is falling apart and insiders are finally blowing the whistle. Click here before the elites take down the server! 100% verified truth!,1
"WAKE UP SHEEPLE: Doctors and scientists are STUNNED — bank insiders confirm a hidden federal program giving away $10,000 cash to anyone who clicks and shares this link! Every major government agency is covering this up to protect their billionaire donors. Every person must read this right now! Forward to save innocent lives!",1
A new study in pharmacology led by The Food and Drug Administration published findings on approval for a novel non-opioid pain management treatment. The comprehensive study included longitudinal follow-ups over an eighteen-month evaluation window.,0
URGENT WARNING: Secret government satellites are beaming frequencies into household taps to control civilian thought patterns — Corrupt politicians are working overtime to delete this post off every server right now. Forward this to everyone in your contact list RIGHT NOW before it is banned!,1
BOMBSHELL REVELATION! Leaked evidence proves tap water nationwide has been poisoned with mind-control chemicals starting tonight so forward this to save lives. Pharma billionaires have already threatened to assassinate the brave doctor who leaked this. Forward this to everyone in your contact list RIGHT NOW before it is banned!,1
THEY DON'T WANT YOU TO KNOW!!! This one miraculous ancient fruit melts 30 pounds of pure fat in 3 days with zero diet or exercise required! Every major government agency is covering this up to protect their billionaire donors. Forward this to everyone in your contact list RIGHT NOW before it is banned!,1
"In a formal assessment of annual revenue audits, treasury officials from The Ministry of Finance published findings on a 14% increase in direct tax collections driven by digital compliance systems. spokespersons told reporters following a bilateral review meeting.",0
DO NOT IGNORE THIS! Leaked evidence proves schools are secretly microchipping all students through mandatory water bottles without parental consent. Every major government agency is covering this up to protect their billionaire donors. Click here before the elites take down the server! 100% verified truth!,1
"According to clinical researchers at Johns Hopkins Medicine, recent a Phase 2 clinical trial revealed a 35% reduction in recurring cardiovascular events with targeted therapy. A formal briefing paper has been submitted to relevant regulatory bodies for technical review. Details were scientists emphasized in an interview with the press.",0
BOMBSHELL REVELATION! Leaked evidence proves a leaked military dossier proves the moon landing was staged in a Hollywood basement and world leaders are clones. Every major government agency is covering this up to protect their billionaire donors. Click here before the elites take down the server! 100% verified truth!,1
"The Reserve Bank has confirmed keeping the benchmark lending rate unchanged at 6.5% amid moderating inflation, analysts noted, citing audited data presented to parliament. A formal briefing paper has been submitted to relevant regulatory bodies for technical review.",0
"Astronomers at Caltech has concluded a distant exoplanet with water vapor in its atmosphere, the full dataset has been made accessible on the government portal for public review. Independent auditors verified that all standard testing procedures were rigorously followed.",0
OFFICIAL STORY IS COLLAPSING: Doctors and scientists are STUNNED — doctors were caught putting tracking chips into seasonal cough syrups to monitor your private conversations! Pharma billionaires have already threatened to assassinate the brave doctor who leaked this. Do NOT let them silence the truth — repost immediately across every group!,1
HORRIFIC TRUTH: Doctors and scientists are STUNNED — an emergency broadcast warning urges everyone to stay indoors because toxic space clouds are entering the atmosphere! The global cabal wants you kept in the dark so they can maintain total control. Share before Facebook and Google erase every copy of this shocking footage!,1
URGENT WARNING: Whistleblowers confirm that voting booths secretly switch all ballots using invisible microwave lasers — Every major government agency is covering this up to protect their billionaire donors. Share before Facebook and Google erase every copy of this shocking footage!,1
URGENT WARNING: An emergency broadcast warning urges everyone to stay indoors because toxic space clouds are entering the atmosphere — The global cabal wants you kept in the dark so they can maintain total control. Don't wait for the fake news media to tell you — share this viral warning everywhere!,1
URGENT WARNING: A top scientist broke their silence to reveal that gravity is an illusion created by government radio towers — Corrupt politicians are working overtime to delete this post off every server right now. Wake up and share with your family before it's too late! Time is running out!,1
"The Indian Council of Medical Research has documented broad population immunity against seasonal influenza strains, the full dataset has been made accessible on the government portal for public review. The findings were replicated across three independent laboratories prior to publication.",0
THEY DON'T WANT YOU TO KNOW!!! Eating this forbidden leaf makes you completely immune to every virus forever and pharma companies buried the research! The global cabal wants you kept in the dark so they can maintain total control. Share before Facebook and Google erase every copy of this shocking footage!,1
"In a formal assessment of a Phase 2 clinical trial, clinical researchers from Johns Hopkins Medicine verified through independent review a 35% reduction in recurring cardiovascular events with targeted therapy. according to findings published on the institutional repository.",0
"In a formal assessment of regional financial stability reports, governing council representatives from The European Central Bank verified through independent review gradual easing of headline inflation toward the 2% target. according to figures confirmed by multiple participating research hospitals.",0
"Astronomers at Caltech announced that deep space observations produced significant progress, confirming a distant exoplanet with water vapor in its atmosphere. A formal briefing paper has been submitted to relevant regulatory bodies for technical review.",0
THEY DON'T WANT YOU TO KNOW! Leaked evidence proves an emergency broadcast warning urges everyone to stay indoors because toxic space clouds are entering the atmosphere. They are hiding the cure so they can keep charging innocent families millions. Share before Facebook and Google erase every copy of this shocking footage!,1
URGENT WARNING: Schools are secretly microchipping all students through mandatory water bottles without parental consent — Corrupt politicians are working overtime to delete this post off every server right now. Every person must read this right now! Forward to save innocent lives!,1
"BREAKING: Doctors and scientists are STUNNED — bank insiders confirm a hidden federal program giving away $10,000 cash to anyone who clicks and shares this link! The global cabal wants you kept in the dark so they can maintain total control. Do NOT let them silence the truth — repost immediately across every group!",1
"The National Institutes of Health has reported three previously unmapped genetic markers associated with late-onset Alzheimer's, according to findings published on the institutional repository. The project was funded through competitive academic research grants and cleared ethical review boards.",0
"According to monetary policy committee members at The Reserve Bank, recent quarterly economic indicators revealed keeping the benchmark lending rate unchanged at 6.5% amid moderating inflation. The initiative is scheduled for phased rollout across twelve regional hubs over the next fiscal year. Details were the full dataset has been made accessible on the government portal for public review.",0
HORRIFIC TRUTH!!! Secret underground facilities were discovered housing thousands of alien spacecraft ready to harvest human souls! They are hiding the cure so they can keep charging innocent families millions. Every person must read this right now! Forward to save innocent lives!,1
"The Bureau of Labor Statistics has published findings on the addition of 175,000 nonfarm payroll jobs and an unemployment rate of 3.8%, spokespersons told reporters following a bilateral review meeting. The comprehensive study included longitudinal follow-ups over an eighteen-month evaluation window.",0
URGENT WARNING: The government announced an emergency law shutting down the entire internet permanently starting this friday — They are hiding the cure so they can keep charging innocent families millions. Don't wait for the fake news media to tell you — share this viral warning everywhere!,1
OFFICIAL STORY IS COLLAPSING: Doctors and scientists are STUNNED — a famous cardiologist exposed that hospital heart surgeries are a fake scam to generate trillions in profit! The global cabal wants you kept in the dark so they can maintain total control. Every person must read this right now! Forward to save innocent lives!,1
"The Election Commission has outlined key milestones in the verified schedule and electronic voting security protocols for upcoming assembly elections, the full dataset has been made accessible on the government portal for public review. A formal briefing paper has been submitted to relevant regulatory bodies for technical review.",0
URGENT WARNING: Whistleblowers confirm that voting booths secretly switch all ballots using invisible microwave lasers — The mainstream media refuses to broadcast this because the elites are terrified. Do NOT let them silence the truth — repost immediately across every group!,1
HORRIFIC TRUTH!!! Secret government satellites are beaming frequencies into household taps to control civilian thought patterns! Pharma billionaires have already threatened to assassinate the brave doctor who leaked this. Do NOT let them silence the truth — repost immediately across every group!,1
They don't want you to know this: a famous cardiologist exposed that hospital heart surgeries are a fake scam to generate trillions in profit. Corrupt politicians are working overtime to delete this post off every server right now. PLEASE Do NOT let them silence the truth — repost immediately across every group!,1
"THE MAINSTREAM MEDIA IS SILENT: Doctors and scientists are STUNNED — bank insiders confirm a hidden federal program giving away $10,000 cash to anyone who clicks and shares this link! The official story is falling apart and insiders are finally blowing the whistle. Every person must read this right now! Forward to save innocent lives!",1
THE MAINSTREAM MEDIA IS SILENT!!! Drinking this secret kitchen spice cleanses every disease known to mankind overnight and doctors are furious! Pharma billionaires have already threatened to assassinate the brave doctor who leaked this. Click here before the elites take down the server! 100% verified truth!,1
"The Election Commission announced that a formal press briefing produced significant progress, confirming the verified schedule and electronic voting security protocols for upcoming assembly elections. The findings were replicated across three independent laboratories prior to publication.",0
URGENT WARNING: Secret underground facilities were discovered housing thousands of alien spacecraft ready to harvest human souls — Big corporations are desperately suing to ban this truth from reaching the public. Click here before the elites take down the server! 100% verified truth!,1
HORRIFIC TRUTH!!! Leaked documents confirm elite politicians are secretly passing a bill to tax human breathing and sunlight! Every major government agency is covering this up to protect their billionaire donors. Forward this to everyone in your contact list RIGHT NOW before it is banned!,1
"The National Oceanic and Atmospheric Administration has confirmed above-average sea surface temperatures across equatorial Pacific zones, scientists emphasized in an interview with the press. Senior officials noted that regulatory oversight will be maintained throughout the implementation phase.",0
"Astronomers at Caltech announced that deep space observations produced significant progress, confirming a distant exoplanet with water vapor in its atmosphere. The comprehensive study included longitudinal follow-ups over an eighteen-month evaluation window.",0
They don't want you to know this: tap water nationwide has been poisoned with mind-control chemicals starting tonight so forward this to save lives. The mainstream media refuses to broadcast this because the elites are terrified. PLEASE SHARE THIS BEFORE IT GETS DELETED!!!,1
URGENT ALERT! Leaked evidence proves a leaked military dossier proves the moon landing was staged in a Hollywood basement and world leaders are clones. The mainstream media refuses to broadcast this because the elites are terrified. Every person must read this right now! Forward to save innocent lives!,1
"In a formal assessment of traffic monitoring sensors, city engineers from Municipal transport authorities announced a 22% reduction in peak-hour commute times following metro line phase two opening. analysts noted, citing audited data presented to parliament.",0
DO NOT IGNORE THIS! Leaked evidence proves secret underground facilities were discovered housing thousands of alien spacecraft ready to harvest human souls. The official story is falling apart and insiders are finally blowing the whistle. SHARE THIS BEFORE IT GETS DELETED!!!,1
"The Meteorological Department has published findings on timely onset of southwest monsoon rains across coastal agricultural belts, analysts noted, citing audited data presented to parliament. The project was funded through competitive academic research grants and cleared ethical review boards.",0
"According to the Perseverance rover at NASA, recent Mars exploration revealed traces of ancient water-altered minerals in Jezero crater. The initiative is scheduled for phased rollout across twelve regional hubs over the next fiscal year. Details were according to findings published on the institutional repository.",0
A new study in space exploration led by ISRO published findings on mineralogical maps of the Moon's south pole region. Senior officials noted that regulatory oversight will be maintained throughout the implementation phase.,0
WAKE UP SHEEPLE!!! Schools are secretly microchipping all students through mandatory water bottles without parental consent! The global cabal wants you kept in the dark so they can maintain total control. Share before Facebook and Google erase every copy of this shocking footage!,1
EXPOSED!!! Schools are secretly microchipping all students through mandatory water bottles without parental consent! Big corporations are desperately suing to ban this truth from reaching the public. Don't wait for the fake news media to tell you — share this viral warning everywhere!,1
"Researchers at CERN announced that particle collision experiments produced significant progress, confirming refined mass boundaries for heavy neutrino candidates. A formal briefing paper has been submitted to relevant regulatory bodies for technical review.",0
URGENT ALERT! Leaked evidence proves a famous cardiologist exposed that hospital heart surgeries are a fake scam to generate trillions in profit. The mainstream media refuses to broadcast this because the elites are terrified. Don't wait for the fake news media to tell you — share this viral warning everywhere!,1
They don't want you to know this: a famous cardiologist exposed that hospital heart surgeries are a fake scam to generate trillions in profit. Pharma billionaires have already threatened to assassinate the brave doctor who leaked this. PLEASE SHARE THIS BEFORE IT GETS DELETED!!!,1
THE MAINSTREAM MEDIA IS SILENT! Leaked evidence proves secret underground facilities were discovered housing thousands of alien spacecraft ready to harvest human souls. The official story is falling apart and insiders are finally blowing the whistle. Every person must read this right now! Forward to save innocent lives!,1
"Researchers at Oxford University announced that a randomized controlled trial published in The Lancet produced significant progress, confirming that a combined antiviral regimen significantly shortened recovery times. The initiative is scheduled for phased rollout across twelve regional hubs over the next fiscal year.",0
"According to clinical pharmacologists at Researchers at Oxford University, recent a randomized controlled trial published in The Lancet revealed that a combined antiviral regimen significantly shortened recovery times. Senior officials noted that regulatory oversight will be maintained throughout the implementation phase. Details were according to documentation verified by an independent review committee.",0
YOU WON'T BELIEVE THIS! Leaked evidence proves a top scientist broke their silence to reveal that gravity is an illusion created by government radio towers. Pharma billionaires have already threatened to assassinate the brave doctor who leaked this. Click here before the elites take down the server! 100% verified truth!,1
"In a formal assessment of ocean temperature sensor arrays, climate scientists from The National Oceanic and Atmospheric Administration documented above-average sea surface temperatures across equatorial Pacific zones. according to findings published on the institutional repository.",0
They don't want you to know this: big pharma executives held a secret meeting to ban a common backyard weed that permanently reverses all diabetes. They are hiding the cure so they can keep charging innocent families millions. PLEASE Click here before the elites take down the server! 100% verified truth!,1
OFFICIAL STORY IS COLLAPSING: Doctors and scientists are STUNNED — schools are secretly microchipping all students through mandatory water bottles without parental consent! The global cabal wants you kept in the dark so they can maintain total control. SHARE THIS BEFORE IT GETS DELETED!!!,1
EXPOSED!!! The central banking cartel just voted to erase all personal savings accounts at midnight tomorrow! Corrupt politicians are working overtime to delete this post off every server right now. Click here before the elites take down the server! 100% verified truth!,1
EXPOSED!!! Secret underground facilities were discovered housing thousands of alien spacecraft ready to harvest human souls! The official story is falling apart and insiders are finally blowing the whistle. Do NOT let them silence the truth — repost immediately across every group!,1
They don't want you to know this: the central banking cartel just voted to erase all personal savings accounts at midnight tomorrow. The mainstream media refuses to broadcast this because the elites are terrified. PLEASE Wake up and share with your family before it's too late! Time is running out!,1
WAKE UP SHEEPLE! Leaked evidence proves secret government satellites are beaming frequencies into household taps to control civilian thought patterns. The global cabal wants you kept in the dark so they can maintain total control. Share before Facebook and Google erase every copy of this shocking footage!,1
URGENT WARNING: Secret underground facilities were discovered housing thousands of alien spacecraft ready to harvest human souls — They are hiding the cure so they can keep charging innocent families millions. Every person must read this right now! Forward to save innocent lives!,1
"The Bureau of Labor Statistics has announced the addition of 175,000 nonfarm payroll jobs and an unemployment rate of 3.8%, according to a report published in a peer-reviewed journal. Senior officials noted that regulatory oversight will be maintained throughout the implementation phase.",0
A new study in monetary policy led by The Reserve Bank published findings on keeping the benchmark lending rate unchanged at 6.5% amid moderating inflation. A formal briefing paper has been submitted to relevant regulatory bodies for technical review.,0
A new study in monetary policy led by The Reserve Bank confirmed keeping the benchmark lending rate unchanged at 6.5% amid moderating inflation. A formal briefing paper has been submitted to relevant regulatory bodies for technical review.,0
URGENT WARNING: This one miraculous ancient fruit melts 30 pounds of pure fat in 3 days with zero diet or exercise required — Pharma billionaires have already threatened to assassinate the brave doctor who leaked this. Wake up and share with your family before it's too late! Time is running out!,1
They don't want you to know this: drinking raw onion juice with baking soda cures stage 4 cancer in exactly 48 hours 100% guaranteed. They are hiding the cure so they can keep charging innocent families millions. PLEASE Wake up and share with your family before it's too late! Time is running out!,1
A new study in judicial rulings led by The Supreme Court published findings on reaffirming fundamental digital privacy standards under administrative law. The findings were replicated across three independent laboratories prior to publication.,0
"Engineers at MIT announced that laboratory durability testing produced significant progress, confirming a high-capacity solid-state battery retaining 92% capacity after 1,000 fast-charge cycles. The comprehensive study included longitudinal follow-ups over an eighteen-month evaluation window.",0
"In a formal assessment of particle collision experiments, physicists from Researchers at CERN confirmed refined mass boundaries for heavy neutrino candidates. analysts noted, citing audited data presented to parliament.",0
VIRAL LEAK!!! Eating this forbidden leaf makes you completely immune to every virus forever and pharma companies buried the research! Pharma billionaires have already threatened to assassinate the brave doctor who leaked this. Every person must read this right now! Forward to save innocent lives!,1
"Agricultural scientists at ICAR has released detailed data on a drought-resilient wheat variety showing 18% higher yield in low-rainfall regions, according to official records released during a scheduled press conference. Experts emphasized that further long-term monitoring will continue over the next two quarters.",0
A new study in particle physics led by Researchers at CERN outlined key milestones in refined mass boundaries for heavy neutrino candidates. Independent auditors verified that all standard testing procedures were rigorously followed.,0
"According to neurologists at Scientists at Stanford Medicine, recent peer-reviewed brain imaging studies revealed distinct neural pathway adaptations following cognitive behavioral interventions. Independent auditors verified that all standard testing procedures were rigorously followed. Details were spokespersons told reporters following a bilateral review meeting.",0
THE MAINSTREAM MEDIA IS SILENT! Leaked evidence proves the central banking cartel just voted to erase all personal savings accounts at midnight tomorrow. They are hiding the cure so they can keep charging innocent families millions. Every person must read this right now! Forward to save innocent lives!,1
"According to network analysts at Cybersecurity researchers at Carnegie Mellon, recent an independent security audit revealed patched vulnerabilities in open-source encryption libraries used by cloud providers. The findings were replicated across three independent laboratories prior to publication. Details were analysts noted, citing audited data presented to parliament.",0
They don't want you to know this: schools are secretly microchipping all students through mandatory water bottles without parental consent. They are hiding the cure so they can keep charging innocent families millions. PLEASE Do NOT let them silence the truth — repost immediately across every group!,1
"Doctors at Mayo Clinic has outlined key milestones in improved five-year survival rates using personalized immunotherapy protocols, officials confirmed in an official statement on Monday. Independent auditors verified that all standard testing procedures were rigorously followed.",0
OFFICIAL STORY IS COLLAPSING!!! The central banking cartel just voted to erase all personal savings accounts at midnight tomorrow! Corrupt politicians are working overtime to delete this post off every server right now. Do NOT let them silence the truth — repost immediately across every group!,1
URGENT WARNING: A famous cardiologist exposed that hospital heart surgeries are a fake scam to generate trillions in profit — Corrupt politicians are working overtime to delete this post off every server right now. Wake up and share with your family before it's too late! Time is running out!,1
"The Supreme Court announced that a unanimous written verdict produced significant progress, confirming reaffirming fundamental digital privacy standards under administrative law. A formal briefing paper has been submitted to relevant regulatory bodies for technical review.",0
BOMBSHELL REVELATION!!! Schools are secretly microchipping all students through mandatory water bottles without parental consent! Corrupt politicians are working overtime to delete this post off every server right now. Forward this to everyone in your contact list RIGHT NOW before it is banned!,1
VIRAL LEAK: Doctors and scientists are STUNNED — secret government satellites are beaming frequencies into household taps to control civilian thought patterns! The official story is falling apart and insiders are finally blowing the whistle. Don't wait for the fake news media to tell you — share this viral warning everywhere!,1
"They don't want you to know this: bank insiders confirm a hidden federal program giving away $10,000 cash to anyone who clicks and shares this link. They are hiding the cure so they can keep charging innocent families millions. PLEASE Forward this to everyone in your contact list RIGHT NOW before it is banned!",1
"Researchers at CERN announced that particle collision experiments produced significant progress, confirming refined mass boundaries for heavy neutrino candidates. The findings were replicated across three independent laboratories prior to publication.",0
"In a formal assessment of infrared observations, lead scientists from The James Webb Space Telescope team confirmed high-redshift galaxies formed within 400 million years of the Big Bang. the full dataset has been made accessible on the government portal for public review.",0
THE MAINSTREAM MEDIA IS SILENT: Doctors and scientists are STUNNED — drinking this secret kitchen spice cleanses every disease known to mankind overnight and doctors are furious! Big corporations are desperately suing to ban this truth from reaching the public. Click here before the elites take down the server! 100% verified truth!,1
"According to crop researchers at Agricultural scientists at ICAR, recent multi-season field trials revealed a drought-resilient wheat variety showing 18% higher yield in low-rainfall regions. The initiative is scheduled for phased rollout across twelve regional hubs over the next fiscal year. Details were according to documentation verified by an independent review committee.",0
MINDBLOWING!!! This one miraculous ancient fruit melts 30 pounds of pure fat in 3 days with zero diet or exercise required! The mainstream media refuses to broadcast this because the elites are terrified. Every person must read this right now! Forward to save innocent lives!,1
URGENT WARNING: Schools are secretly microchipping all students through mandatory water bottles without parental consent — Pharma billionaires have already threatened to assassinate the brave doctor who leaked this. Do NOT let them silence the truth — repost immediately across every group!,1
"The James Webb Space Telescope team has published findings on high-redshift galaxies formed within 400 million years of the Big Bang, the full dataset has been made accessible on the government portal for public review. Independent auditors verified that all standard testing procedures were rigorously followed.",0
"According to a five-judge constitutional bench at The Supreme Court, recent a unanimous written verdict revealed reaffirming fundamental digital privacy standards under administrative law. The project was funded through competitive academic research grants and cleared ethical review boards. Details were analysts noted, citing audited data presented to parliament.",0
"According to epidemiologists at The World Health Organization, recent surveillance data across 45 countries revealed a steady decline in global measles transmission following targeted vaccination campaigns. The project was funded through competitive academic research grants and cleared ethical review boards. Details were officials confirmed in an official statement on Monday.",0
"The National Oceanic and Atmospheric Administration announced that ocean temperature sensor arrays produced significant progress, confirming above-average sea surface temperatures across equatorial Pacific zones. The initiative is scheduled for phased rollout across twelve regional hubs over the next fiscal year.",0
OFFICIAL STORY IS COLLAPSING: Doctors and scientists are STUNNED — drinking this secret kitchen spice cleanses every disease known to mankind overnight and doctors are furious! Pharma billionaires have already threatened to assassinate the brave doctor who leaked this. Every person must read this right now! Forward to save innocent lives!,1
They don't want you to know this: this one miraculous ancient fruit melts 30 pounds of pure fat in 3 days with zero diet or exercise required. Big corporations are desperately suing to ban this truth from reaching the public. PLEASE Click here before the elites take down the server! 100% verified truth!,1
"According to field geologists at The Geological Survey, recent seismic monitoring stations revealed identifying stable geothermal energy reserves capable of supporting municipal grid power. A formal briefing paper has been submitted to relevant regulatory bodies for technical review. Details were scientists emphasized in an interview with the press.",0
"The World Health Organization announced that surveillance data across 45 countries produced significant progress, confirming a steady decline in global measles transmission following targeted vaccination campaigns. The findings were replicated across three independent laboratories prior to publication.",0
BREAKING! Leaked evidence proves a leaked military dossier proves the moon landing was staged in a Hollywood basement and world leaders are clones. Corrupt politicians are working overtime to delete this post off every server right now. Forward this to everyone in your contact list RIGHT NOW before it is banned!,1
MINDBLOWING: Doctors and scientists are STUNNED — doctors were caught putting tracking chips into seasonal cough syrups to monitor your private conversations! Every major government agency is covering this up to protect their billionaire donors. Forward this to everyone in your contact list RIGHT NOW before it is banned!,1
"Astronomers at Caltech announced that deep space observations produced significant progress, confirming a distant exoplanet with water vapor in its atmosphere. Independent auditors verified that all standard testing procedures were rigorously followed.",0
BREAKING! Leaked evidence proves this one miraculous ancient fruit melts 30 pounds of pure fat in 3 days with zero diet or exercise required. The global cabal wants you kept in the dark so they can maintain total control. Click here before the elites take down the server! 100% verified truth!,1
URGENT WARNING: A top scientist broke their silence to reveal that gravity is an illusion created by government radio towers — Big corporations are desperately suing to ban this truth from reaching the public. Do NOT let them silence the truth — repost immediately across every group!,1
URGENT WARNING: Schools are secretly microchipping all students through mandatory water bottles without parental consent — The mainstream media refuses to broadcast this because the elites are terrified. Don't wait for the fake news media to tell you — share this viral warning everywhere!,1
THE MAINSTREAM MEDIA IS SILENT!!! Schools are secretly microchipping all students through mandatory water bottles without parental consent! The official story is falling apart and insiders are finally blowing the whistle. Click here before the elites take down the server! 100% verified truth!,1
A new study in public health led by The World Health Organization briefed journalists regarding a steady decline in global measles transmission following targeted vaccination campaigns. Senior officials noted that regulatory oversight will be maintained throughout the implementation phase.,0
They don't want you to know this: schools are secretly microchipping all students through mandatory water bottles without parental consent. Every major government agency is covering this up to protect their billionaire donors. PLEASE Click here before the elites take down the server! 100% verified truth!,1
A new study in agronomy led by Agricultural scientists at ICAR verified through independent review a drought-resilient wheat variety showing 18% higher yield in low-rainfall regions. The initiative is scheduled for phased rollout across twelve regional hubs over the next fiscal year.,0
A new study in agronomy led by Agricultural scientists at ICAR announced a drought-resilient wheat variety showing 18% higher yield in low-rainfall regions. The comprehensive study included longitudinal follow-ups over an eighteen-month evaluation window.,0
URGENT ALERT! Leaked evidence proves the government announced an emergency law shutting down the entire internet permanently starting this Friday. Corrupt politicians are working overtime to delete this post off every server right now. Do NOT let them silence the truth — repost immediately across every group!,1
OFFICIAL STORY IS COLLAPSING: Doctors and scientists are STUNNED — scientists revealed that smartphones are absorbing human memories while you sleep to train deep-state robot armies! Pharma billionaires have already threatened to assassinate the brave doctor who leaked this. Every person must read this right now! Forward to save innocent lives!,1
They don't want you to know this: tap water nationwide has been poisoned with mind-control chemicals starting tonight so forward this to save lives. They are hiding the cure so they can keep charging innocent families millions. PLEASE Share before Facebook and Google erase every copy of this shocking footage!,1
URGENT ALERT!!! The government announced an emergency law shutting down the entire internet permanently starting this friday! They are hiding the cure so they can keep charging innocent families millions. Click here before the elites take down the server! 100% verified truth!,1
"According to oncology specialists at Doctors at Mayo Clinic, recent a multi-center trial with 850 participants revealed improved five-year survival rates using personalized immunotherapy protocols. The project was funded through competitive academic research grants and cleared ethical review boards. Details were scientists emphasized in an interview with the press.",0
"According to network analysts at Cybersecurity researchers at Carnegie Mellon, recent an independent security audit revealed patched vulnerabilities in open-source encryption libraries used by cloud providers. Senior officials noted that regulatory oversight will be maintained throughout the implementation phase. Details were the full dataset has been made accessible on the government portal for public review.",0
"Scientists at Stanford Medicine announced that peer-reviewed brain imaging studies produced significant progress, confirming distinct neural pathway adaptations following cognitive behavioral interventions. Experts emphasized that further long-term monitoring will continue over the next two quarters.",0
They don't want you to know this: scientists revealed that smartphones are absorbing human memories while you sleep to train deep-state robot armies. The global cabal wants you kept in the dark so they can maintain total control. PLEASE Do NOT let them silence the truth — repost immediately across every group!,1
URGENT WARNING: Big pharma executives held a secret meeting to ban a common backyard weed that permanently reverses all diabetes — The official story is falling apart and insiders are finally blowing the whistle. Don't wait for the fake news media to tell you — share this viral warning everywhere!,1
THEY DON'T WANT YOU TO KNOW! Leaked evidence proves scientists revealed that smartphones are absorbing human memories while you sleep to train deep-state robot armies. The global cabal wants you kept in the dark so they can maintain total control. Wake up and share with your family before it's too late! Time is running out!,1
URGENT WARNING: Scientists revealed that smartphones are absorbing human memories while you sleep to train deep-state robot armies — The mainstream media refuses to broadcast this because the elites are terrified. Forward this to everyone in your contact list RIGHT NOW before it is banned!,1
A new study in astronomy led by Astronomers at Caltech concluded a distant exoplanet with water vapor in its atmosphere. The comprehensive study included longitudinal follow-ups over an eighteen-month evaluation window.,0
YOU WON'T BELIEVE THIS! Leaked evidence proves the government announced an emergency law shutting down the entire internet permanently starting this Friday. Big corporations are desperately suing to ban this truth from reaching the public. SHARE THIS BEFORE IT GETS DELETED!!!,1
URGENT WARNING: Whistleblowers confirm that voting booths secretly switch all ballots using invisible microwave lasers — Corrupt politicians are working overtime to delete this post off every server right now. Don't wait for the fake news media to tell you — share this viral warning everywhere!,1
They don't want you to know this: secret government satellites are beaming frequencies into household taps to control civilian thought patterns. The global cabal wants you kept in the dark so they can maintain total control. PLEASE Click here before the elites take down the server! 100% verified truth!,1
MUST SHARE IMMEDIATELY! Leaked evidence proves schools are secretly microchipping all students through mandatory water bottles without parental consent. Pharma billionaires have already threatened to assassinate the brave doctor who leaked this. Every person must read this right now! Forward to save innocent lives!,1
THE MAINSTREAM MEDIA IS SILENT!!! An emergency broadcast warning urges everyone to stay indoors because toxic space clouds are entering the atmosphere! Big corporations are desperately suing to ban this truth from reaching the public. SHARE THIS BEFORE IT GETS DELETED!!!,1
"A new study in education policy led by The Ministry of Education concluded a new merit scholarship program supporting 50,000 rural university students. Independent auditors verified that all standard testing procedures were rigorously followed.",0
"The Election Commission announced that a formal press briefing produced significant progress, confirming the verified schedule and electronic voting security protocols for upcoming assembly elections. The comprehensive study included longitudinal follow-ups over an eighteen-month evaluation window.",0
"According to network analysts at Cybersecurity researchers at Carnegie Mellon, recent an independent security audit revealed patched vulnerabilities in open-source encryption libraries used by cloud providers. Independent auditors verified that all standard testing procedures were rigorously followed. Details were according to figures confirmed by multiple participating research hospitals.",0
"In a formal assessment of multi-season field trials, crop researchers from Agricultural scientists at ICAR confirmed a drought-resilient wheat variety showing 18% higher yield in low-rainfall regions. officials confirmed in an official statement on Monday.",0
"According to network analysts at Cybersecurity researchers at Carnegie Mellon, recent an independent security audit revealed patched vulnerabilities in open-source encryption libraries used by cloud providers. The initiative is scheduled for phased rollout across twelve regional hubs over the next fiscal year. Details were according to a report published in a peer-reviewed journal.",0
YOU WON'T BELIEVE THIS!!! Drinking raw onion juice with baking soda cures stage 4 cancer in exactly 48 hours 100% guaranteed! They are hiding the cure so they can keep charging innocent families millions. Wake up and share with your family before it's too late! Time is running out!,1
URGENT WARNING: A top scientist broke their silence to reveal that gravity is an illusion created by government radio towers — Corrupt politicians are working overtime to delete this post off every server right now. SHARE THIS BEFORE IT GETS DELETED!!!,1
"In a formal assessment of laboratory durability testing, materials scientists from Engineers at MIT published findings on a high-capacity solid-state battery retaining 92% capacity after 1,000 fast-charge cycles. scientists emphasized in an interview with the press.",0
VIRAL LEAK! Leaked evidence proves big pharma executives held a secret meeting to ban a common backyard weed that permanently reverses all diabetes. Every major government agency is covering this up to protect their billionaire donors. Wake up and share with your family before it's too late! Time is running out!,1
URGENT WARNING: Secret government satellites are beaming frequencies into household taps to control civilian thought patterns — Corrupt politicians are working overtime to delete this post off every server right now. Forward this to everyone in your contact list RIGHT NOW before it is banned!,1
"Johns Hopkins Medicine announced that a Phase 2 clinical trial produced significant progress, confirming a 35% reduction in recurring cardiovascular events with targeted therapy. The comprehensive study included longitudinal follow-ups over an eighteen-month evaluation window.",0
"The Supreme Court has briefed journalists regarding reaffirming fundamental digital privacy standards under administrative law, according to documentation verified by an independent review committee. The comprehensive study included longitudinal follow-ups over an eighteen-month evaluation window.",0
They don't want you to know this: whistleblowers confirm that voting booths secretly switch all ballots using invisible microwave lasers. The official story is falling apart and insiders are finally blowing the whistle. PLEASE Forward this to everyone in your contact list RIGHT NOW before it is banned!,1
"Agricultural scientists at ICAR has confirmed a drought-resilient wheat variety showing 18% higher yield in low-rainfall regions, the full dataset has been made accessible on the government portal for public review. The initiative is scheduled for phased rollout across twelve regional hubs over the next fiscal year.",0
"In a formal assessment of infrared observations, lead scientists from The James Webb Space Telescope team announced high-redshift galaxies formed within 400 million years of the Big Bang. according to a report published in a peer-reviewed journal.",0
"The World Health Organization announced that surveillance data across 45 countries produced significant progress, confirming a steady decline in global measles transmission following targeted vaccination campaigns. The findings were replicated across three independent laboratories prior to publication.",0
"The National Oceanic and Atmospheric Administration has concluded above-average sea surface temperatures across equatorial Pacific zones, spokespersons told reporters following a bilateral review meeting. The project was funded through competitive academic research grants and cleared ethical review boards.",0
"According to health authorities at The Indian Council of Medical Research, recent national serological surveys revealed broad population immunity against seasonal influenza strains. Experts emphasized that further long-term monitoring will continue over the next two quarters. Details were according to a report published in a peer-reviewed journal.",0
"Researchers at CERN announced that particle collision experiments produced significant progress, confirming refined mass boundaries for heavy neutrino candidates. Experts emphasized that further long-term monitoring will continue over the next two quarters.",0
A new study in electoral administration led by The Election Commission reported the verified schedule and electronic voting security protocols for upcoming assembly elections. The project was funded through competitive academic research grants and cleared ethical review boards.,0
They don't want you to know this: a leaked military dossier proves the moon landing was staged in a Hollywood basement and world leaders are clones. Pharma billionaires have already threatened to assassinate the brave doctor who leaked this. PLEASE Click here before the elites take down the server! 100% verified truth!,1
"They don't want you to know this: bank insiders confirm a hidden federal program giving away $10,000 cash to anyone who clicks and shares this link. Pharma billionaires have already threatened to assassinate the brave doctor who leaked this. PLEASE Do NOT let them silence the truth — repost immediately across every group!",1
They don't want you to know this: drinking raw onion juice with baking soda cures stage 4 cancer in exactly 48 hours 100% guaranteed. Corrupt politicians are working overtime to delete this post off every server right now. PLEASE Don't wait for the fake news media to tell you — share this viral warning everywhere!,1
They don't want you to know this: the central banking cartel just voted to erase all personal savings accounts at midnight tomorrow. The global cabal wants you kept in the dark so they can maintain total control. PLEASE Don't wait for the fake news media to tell you — share this viral warning everywhere!,1
"In a formal assessment of a formal press briefing, senior electoral officers from The Election Commission outlined key milestones in the verified schedule and electronic voting security protocols for upcoming assembly elections. scientists emphasized in an interview with the press.",0
BREAKING!!! Secret government satellites are beaming frequencies into household taps to control civilian thought patterns! The official story is falling apart and insiders are finally blowing the whistle. Wake up and share with your family before it's too late! Time is running out!,1
EXPOSED!!! Drinking this secret kitchen spice cleanses every disease known to mankind overnight and doctors are furious! Corrupt politicians are working overtime to delete this post off every server right now. Share before Facebook and Google erase every copy of this shocking footage!,1
"The Ministry of Finance has documented a 14% increase in direct tax collections driven by digital compliance systems, officials confirmed in an official statement on Monday. The initiative is scheduled for phased rollout across twelve regional hubs over the next fiscal year.",0
OFFICIAL STORY IS COLLAPSING!!! Schools are secretly microchipping all students through mandatory water bottles without parental consent! The official story is falling apart and insiders are finally blowing the whistle. Click here before the elites take down the server! 100% verified truth!,1
VIRAL LEAK!!! Tap water nationwide has been poisoned with mind-control chemicals starting tonight so forward this to save lives! Pharma billionaires have already threatened to assassinate the brave doctor who leaked this. Every person must read this right now! Forward to save innocent lives!,1
"Astronomers at Caltech has published findings on a distant exoplanet with water vapor in its atmosphere, according to a report published in a peer-reviewed journal. The initiative is scheduled for phased rollout across twelve regional hubs over the next fiscal year.",0
"They don't want you to know this: bank insiders confirm a hidden federal program giving away $10,000 cash to anyone who clicks and shares this link. The global cabal wants you kept in the dark so they can maintain total control. PLEASE Click here before the elites take down the server! 100% verified truth!",1
They don't want you to know this: scientists revealed that smartphones are absorbing human memories while you sleep to train deep-state robot armies. The official story is falling apart and insiders are finally blowing the whistle. PLEASE Wake up and share with your family before it's too late! Time is running out!,1
OFFICIAL STORY IS COLLAPSING: Doctors and scientists are STUNNED — a top scientist broke their silence to reveal that gravity is an illusion created by government radio towers! Every major government agency is covering this up to protect their billionaire donors. Share before Facebook and Google erase every copy of this shocking footage!,1
OFFICIAL STORY IS COLLAPSING!!! Drinking this secret kitchen spice cleanses every disease known to mankind overnight and doctors are furious! Corrupt politicians are working overtime to delete this post off every server right now. Forward this to everyone in your contact list RIGHT NOW before it is banned!,1
"The World Health Organization has published findings on a steady decline in global measles transmission following targeted vaccination campaigns, according to findings published on the institutional repository. A formal briefing paper has been submitted to relevant regulatory bodies for technical review.",0
"Researchers at Oxford University announced that a randomized controlled trial published in The Lancet produced significant progress, confirming that a combined antiviral regimen significantly shortened recovery times. The project was funded through competitive academic research grants and cleared ethical review boards.",0
"Researchers at Oxford University announced that a randomized controlled trial published in The Lancet produced significant progress, confirming that a combined antiviral regimen significantly shortened recovery times. A formal briefing paper has been submitted to relevant regulatory bodies for technical review.",0
HORRIFIC TRUTH: Doctors and scientists are STUNNED — doctors were caught putting tracking chips into seasonal cough syrups to monitor your private conversations! They are hiding the cure so they can keep charging innocent families millions. SHARE THIS BEFORE IT GETS DELETED!!!,1
URGENT WARNING: This one miraculous ancient fruit melts 30 pounds of pure fat in 3 days with zero diet or exercise required — Big corporations are desperately suing to ban this truth from reaching the public. Every person must read this right now! Forward to save innocent lives!,1
THEY DON'T WANT YOU TO KNOW!!! This one miraculous ancient fruit melts 30 pounds of pure fat in 3 days with zero diet or exercise required! The mainstream media refuses to broadcast this because the elites are terrified. Don't wait for the fake news media to tell you — share this viral warning everywhere!,1
HORRIFIC TRUTH: Doctors and scientists are STUNNED — a famous cardiologist exposed that hospital heart surgeries are a fake scam to generate trillions in profit! Every major government agency is covering this up to protect their billionaire donors. Do NOT let them silence the truth — repost immediately across every group!,1
A new study in genetics led by The National Institutes of Health briefed journalists regarding three previously unmapped genetic markers associated with late-onset Alzheimer's. Independent auditors verified that all standard testing procedures were rigorously followed.,0
"In a formal assessment of peer-reviewed brain imaging studies, neurologists from Scientists at Stanford Medicine published findings on distinct neural pathway adaptations following cognitive behavioral interventions. analysts noted, citing audited data presented to parliament.",0
"The Food and Drug Administration announced that a rigorous safety review produced significant progress, confirming approval for a novel non-opioid pain management treatment. The project was funded through competitive academic research grants and cleared ethical review boards.",0
URGENT WARNING: A leaked military dossier proves the moon landing was staged in a hollywood basement and world leaders are clones — The global cabal wants you kept in the dark so they can maintain total control. Share before Facebook and Google erase every copy of this shocking footage!,1
A new study in pharmacology led by The Food and Drug Administration briefed journalists regarding approval for a novel non-opioid pain management treatment. Senior officials noted that regulatory oversight will be maintained throughout the implementation phase.,0
"The Election Commission has confirmed the verified schedule and electronic voting security protocols for upcoming assembly elections, officials confirmed in an official statement on Monday. The project was funded through competitive academic research grants and cleared ethical review boards.",0
URGENT WARNING: Scientists revealed that smartphones are absorbing human memories while you sleep to train deep-state robot armies — Pharma billionaires have already threatened to assassinate the brave doctor who leaked this. Share before Facebook and Google erase every copy of this shocking footage!,1
A new study in cybersecurity led by Cybersecurity researchers at Carnegie Mellon briefed journalists regarding patched vulnerabilities in open-source encryption libraries used by cloud providers. The comprehensive study included longitudinal follow-ups over an eighteen-month evaluation window.,0
EXPOSED: Doctors and scientists are STUNNED — drinking this secret kitchen spice cleanses every disease known to mankind overnight and doctors are furious! The global cabal wants you kept in the dark so they can maintain total control. Forward this to everyone in your contact list RIGHT NOW before it is banned!,1
YOU WON'T BELIEVE THIS!!! Leaked documents confirm elite politicians are secretly passing a bill to tax human breathing and sunlight! Pharma billionaires have already threatened to assassinate the brave doctor who leaked this. Share before Facebook and Google erase every copy of this shocking footage!,1
URGENT WARNING: Secret underground facilities were discovered housing thousands of alien spacecraft ready to harvest human souls — Pharma billionaires have already threatened to assassinate the brave doctor who leaked this. Click here before the elites take down the server! 100% verified truth!,1
URGENT WARNING: Drinking this secret kitchen spice cleanses every disease known to mankind overnight and doctors are furious — They are hiding the cure so they can keep charging innocent families millions. SHARE THIS BEFORE IT GETS DELETED!!!,1
"The Food and Drug Administration has outlined key milestones in approval for a novel non-opioid pain management treatment, the full dataset has been made accessible on the government portal for public review. A formal briefing paper has been submitted to relevant regulatory bodies for technical review.",0
A new study in astrophysics led by The European Space Agency announced novel measurements of coronal mass ejections. Senior officials noted that regulatory oversight will be maintained throughout the implementation phase.,0
URGENT WARNING: The central banking cartel just voted to erase all personal savings accounts at midnight tomorrow — Pharma billionaires have already threatened to assassinate the brave doctor who leaked this. Don't wait for the fake news media to tell you — share this viral warning everywhere!,1
MUST SHARE IMMEDIATELY! Leaked evidence proves scientists revealed that smartphones are absorbing human memories while you sleep to train deep-state robot armies. The mainstream media refuses to broadcast this because the elites are terrified. Share before Facebook and Google erase every copy of this shocking footage!,1
"The European Space Agency has concluded novel measurements of coronal mass ejections, according to documentation verified by an independent review committee. Independent auditors verified that all standard testing procedures were rigorously followed.",0
"In a formal assessment of annual revenue audits, treasury officials from The Ministry of Finance verified through independent review a 14% increase in direct tax collections driven by digital compliance systems. scientists emphasized in an interview with the press.",0
"According to senior meteorologists at The Meteorological Department, recent radar and satellite forecast models revealed timely onset of southwest monsoon rains across coastal agricultural belts. The comprehensive study included longitudinal follow-ups over an eighteen-month evaluation window. Details were officials confirmed in an official statement on Monday.",0
A new study in epidemiology led by The Indian Council of Medical Research documented broad population immunity against seasonal influenza strains. The comprehensive study included longitudinal follow-ups over an eighteen-month evaluation window.,0
SHOCKING!!! Big pharma executives held a secret meeting to ban a common backyard weed that permanently reverses all diabetes! Big corporations are desperately suing to ban this truth from reaching the public. Don't wait for the fake news media to tell you — share this viral warning everywhere!,1
A new study in pharmacology led by The Food and Drug Administration outlined key milestones in approval for a novel non-opioid pain management treatment. The comprehensive study included longitudinal follow-ups over an eighteen-month evaluation window.,0
BOMBSHELL REVELATION: Doctors and scientists are STUNNED — leaked documents confirm elite politicians are secretly passing a bill to tax human breathing and sunlight! Every major government agency is covering this up to protect their billionaire donors. Do NOT let them silence the truth — repost immediately across every group!,1
"The Election Commission announced that a formal press briefing produced significant progress, confirming the verified schedule and electronic voting security protocols for upcoming assembly elections. Independent auditors verified that all standard testing procedures were rigorously followed.",0
URGENT ALERT!!! Eating this forbidden leaf makes you completely immune to every virus forever and pharma companies buried the research! The mainstream media refuses to broadcast this because the elites are terrified. Every person must read this right now! Forward to save innocent lives!,1
OFFICIAL STORY IS COLLAPSING! Leaked evidence proves this one miraculous ancient fruit melts 30 pounds of pure fat in 3 days with zero diet or exercise required. The global cabal wants you kept in the dark so they can maintain total control. Forward this to everyone in your contact list RIGHT NOW before it is banned!,1
A new study in pharmacology led by The Food and Drug Administration confirmed approval for a novel non-opioid pain management treatment. Independent auditors verified that all standard testing procedures were rigorously followed.,0
"Astronomers at Caltech announced that deep space observations produced significant progress, confirming a distant exoplanet with water vapor in its atmosphere. The comprehensive study included longitudinal follow-ups over an eighteen-month evaluation window.",0
"NASA announced that Mars exploration produced significant progress, confirming traces of ancient water-altered minerals in Jezero crater. Senior officials noted that regulatory oversight will be maintained throughout the implementation phase.",0
They don't want you to know this: a famous cardiologist exposed that hospital heart surgeries are a fake scam to generate trillions in profit. The global cabal wants you kept in the dark so they can maintain total control. PLEASE Share before Facebook and Google erase every copy of this shocking footage!,1
"According to oncology specialists at Doctors at Mayo Clinic, recent a multi-center trial with 850 participants revealed improved five-year survival rates using personalized immunotherapy protocols. The initiative is scheduled for phased rollout across twelve regional hubs over the next fiscal year. Details were spokespersons told reporters following a bilateral review meeting.",0
"The Meteorological Department announced that radar and satellite forecast models produced significant progress, confirming timely onset of southwest monsoon rains across coastal agricultural belts. The initiative is scheduled for phased rollout across twelve regional hubs over the next fiscal year.",0
A new study in cosmology led by The James Webb Space Telescope team verified through independent review high-redshift galaxies formed within 400 million years of the Big Bang. The comprehensive study included longitudinal follow-ups over an eighteen-month evaluation window.,0
"According to network analysts at Cybersecurity researchers at Carnegie Mellon, recent an independent security audit revealed patched vulnerabilities in open-source encryption libraries used by cloud providers. Experts emphasized that further long-term monitoring will continue over the next two quarters. Details were according to documentation verified by an independent review committee.",0
A new study in astrophysics led by The European Space Agency announced novel measurements of coronal mass ejections. Senior officials noted that regulatory oversight will be maintained throughout the implementation phase.,0
THEY DON'T WANT YOU TO KNOW! Leaked evidence proves big pharma executives held a secret meeting to ban a common backyard weed that permanently reverses all diabetes. The global cabal wants you kept in the dark so they can maintain total control. SHARE THIS BEFORE IT GETS DELETED!!!,1
"A new study in education policy led by The Ministry of Education concluded a new merit scholarship program supporting 50,000 rural university students. The comprehensive study included longitudinal follow-ups over an eighteen-month evaluation window.",0
OFFICIAL STORY IS COLLAPSING: Doctors and scientists are STUNNED — the central banking cartel just voted to erase all personal savings accounts at midnight tomorrow! Every major government agency is covering this up to protect their billionaire donors. Don't wait for the fake news media to tell you — share this viral warning everywhere!,1
"In a formal assessment of regional financial stability reports, governing council representatives from The European Central Bank briefed journalists regarding gradual easing of headline inflation toward the 2% target. according to a report published in a peer-reviewed journal.",0
A new study in monetary policy led by The Reserve Bank released detailed data on keeping the benchmark lending rate unchanged at 6.5% amid moderating inflation. Independent auditors verified that all standard testing procedures were rigorously followed.,0
"Cybersecurity researchers at Carnegie Mellon has confirmed patched vulnerabilities in open-source encryption libraries used by cloud providers, according to findings published on the institutional repository. A formal briefing paper has been submitted to relevant regulatory bodies for technical review.",0
URGENT WARNING: The central banking cartel just voted to erase all personal savings accounts at midnight tomorrow — Pharma billionaires have already threatened to assassinate the brave doctor who leaked this. Do NOT let them silence the truth — repost immediately across every group!,1
They don't want you to know this: eating this forbidden leaf makes you completely immune to every virus forever and pharma companies buried the research. Pharma billionaires have already threatened to assassinate the brave doctor who leaked this. PLEASE Forward this to everyone in your contact list RIGHT NOW before it is banned!,1
URGENT ALERT! Leaked evidence proves a famous cardiologist exposed that hospital heart surgeries are a fake scam to generate trillions in profit. The official story is falling apart and insiders are finally blowing the whistle. Every person must read this right now! Forward to save innocent lives!,1
BOMBSHELL REVELATION: Doctors and scientists are STUNNED — schools are secretly microchipping all students through mandatory water bottles without parental consent! Pharma billionaires have already threatened to assassinate the brave doctor who leaked this. SHARE THIS BEFORE IT GETS DELETED!!!,1
"In a formal assessment of particle collision experiments, physicists from Researchers at CERN outlined key milestones in refined mass boundaries for heavy neutrino candidates. scientists emphasized in an interview with the press.",0
"The James Webb Space Telescope team announced that infrared observations produced significant progress, confirming high-redshift galaxies formed within 400 million years of the Big Bang. Senior officials noted that regulatory oversight will be maintained throughout the implementation phase.",0
They don't want you to know this: scientists revealed that smartphones are absorbing human memories while you sleep to train deep-state robot armies. The global cabal wants you kept in the dark so they can maintain total control. PLEASE Wake up and share with your family before it's too late! Time is running out!,1
A new study in cardiology led by Johns Hopkins Medicine confirmed a 35% reduction in recurring cardiovascular events with targeted therapy. Experts emphasized that further long-term monitoring will continue over the next two quarters.,0
"THEY DON'T WANT YOU TO KNOW!!! Bank insiders confirm a hidden federal program giving away $10,000 cash to anyone who clicks and shares this link! Every major government agency is covering this up to protect their billionaire donors. Don't wait for the fake news media to tell you — share this viral warning everywhere!",1
URGENT WARNING: Whistleblowers confirm that voting booths secretly switch all ballots using invisible microwave lasers — The mainstream media refuses to broadcast this because the elites are terrified. SHARE THIS BEFORE IT GETS DELETED!!!,1
URGENT ALERT! Leaked evidence proves a top scientist broke their silence to reveal that gravity is an illusion created by government radio towers. The official story is falling apart and insiders are finally blowing the whistle. Wake up and share with your family before it's too late! Time is running out!,1
URGENT WARNING: Tap water nationwide has been poisoned with mind-control chemicals starting tonight so forward this to save lives — The official story is falling apart and insiders are finally blowing the whistle. Wake up and share with your family before it's too late! Time is running out!,1
"The Reserve Bank has verified through independent review keeping the benchmark lending rate unchanged at 6.5% amid moderating inflation, according to documentation verified by an independent review committee. The findings were replicated across three independent laboratories prior to publication.",0
"According to health authorities at The Indian Council of Medical Research, recent national serological surveys revealed broad population immunity against seasonal influenza strains. Experts emphasized that further long-term monitoring will continue over the next two quarters. Details were according to figures confirmed by multiple participating research hospitals.",0
A new study in particle physics led by Researchers at CERN confirmed refined mass boundaries for heavy neutrino candidates. The initiative is scheduled for phased rollout across twelve regional hubs over the next fiscal year.,0
"The Ministry of Finance announced that annual revenue audits produced significant progress, confirming a 14% increase in direct tax collections driven by digital compliance systems. Experts emphasized that further long-term monitoring will continue over the next two quarters.",0
"In a formal assessment of national serological surveys, health authorities from The Indian Council of Medical Research released detailed data on broad population immunity against seasonal influenza strains. the full dataset has been made accessible on the government portal for public review.",0
"The European Central Bank has released detailed data on gradual easing of headline inflation toward the 2% target, according to figures confirmed by multiple participating research hospitals. Experts emphasized that further long-term monitoring will continue over the next two quarters.",0
"In a formal assessment of quarterly economic indicators, monetary policy committee members from The Reserve Bank outlined key milestones in keeping the benchmark lending rate unchanged at 6.5% amid moderating inflation. according to findings published on the institutional repository.",0
"In a formal assessment of regional financial stability reports, governing council representatives from The European Central Bank documented gradual easing of headline inflation toward the 2% target. the full dataset has been made accessible on the government portal for public review.",0
EXPOSED!!! Doctors were caught putting tracking chips into seasonal cough syrups to monitor your private conversations! They are hiding the cure so they can keep charging innocent families millions. Forward this to everyone in your contact list RIGHT NOW before it is banned!,1
They don't want you to know this: schools are secretly microchipping all students through mandatory water bottles without parental consent. Big corporations are desperately suing to ban this truth from reaching the public. PLEASE Do NOT let them silence the truth — repost immediately across every group!,1
THE MAINSTREAM MEDIA IS SILENT!!! Whistleblowers confirm that voting booths secretly switch all ballots using invisible microwave lasers! They are hiding the cure so they can keep charging innocent families millions. SHARE THIS BEFORE IT GETS DELETED!!!,1
They don't want you to know this: whistleblowers confirm that voting booths secretly switch all ballots using invisible microwave lasers. They are hiding the cure so they can keep charging innocent families millions. PLEASE Wake up and share with your family before it's too late! Time is running out!,1
"ISRO announced that lunar sample tracking produced significant progress, confirming mineralogical maps of the Moon's south pole region. The findings were replicated across three independent laboratories prior to publication.",0
"ISRO announced that lunar sample tracking produced significant progress, confirming mineralogical maps of the Moon's south pole region. Independent auditors verified that all standard testing procedures were rigorously followed.",0
"In a formal assessment of peer-reviewed brain imaging studies, neurologists from Scientists at Stanford Medicine announced distinct neural pathway adaptations following cognitive behavioral interventions. according to findings published on the institutional repository.",0
"In a formal assessment of solar orbital telemetry, mission specialists from The European Space Agency documented novel measurements of coronal mass ejections. spokespersons told reporters following a bilateral review meeting.",0
"The Meteorological Department announced that radar and satellite forecast models produced significant progress, confirming timely onset of southwest monsoon rains across coastal agricultural belts. A formal briefing paper has been submitted to relevant regulatory bodies for technical review.",0
SHOCKING!!! Leaked documents confirm elite politicians are secretly passing a bill to tax human breathing and sunlight! The official story is falling apart and insiders are finally blowing the whistle. Click here before the elites take down the server! 100% verified truth!,1
MINDBLOWING!!! A top scientist broke their silence to reveal that gravity is an illusion created by government radio towers! Every major government agency is covering this up to protect their billionaire donors. Share before Facebook and Google erase every copy of this shocking footage!,1
"The European Space Agency has concluded novel measurements of coronal mass ejections, according to findings published on the institutional repository. A formal briefing paper has been submitted to relevant regulatory bodies for technical review.",0
"In a formal assessment of national serological surveys, health authorities from The Indian Council of Medical Research outlined key milestones in broad population immunity against seasonal influenza strains. scientists emphasized in an interview with the press.",0
URGENT ALERT!!! The government announced an emergency law shutting down the entire internet permanently starting this friday! The global cabal wants you kept in the dark so they can maintain total control. Don't wait for the fake news media to tell you — share this viral warning everywhere!,1
EXPOSED!!! A top scientist broke their silence to reveal that gravity is an illusion created by government radio towers! The official story is falling apart and insiders are finally blowing the whistle. Don't wait for the fake news media to tell you — share this viral warning everywhere!,1
They don't want you to know this: a famous cardiologist exposed that hospital heart surgeries are a fake scam to generate trillions in profit. The mainstream media refuses to broadcast this because the elites are terrified. PLEASE Don't wait for the fake news media to tell you — share this viral warning everywhere!,1
"According to flight controllers at ISRO, recent lunar sample tracking revealed mineralogical maps of the Moon's south pole region. A formal briefing paper has been submitted to relevant regulatory bodies for technical review. Details were spokespersons told reporters following a bilateral review meeting.",0
DO NOT IGNORE THIS: Doctors and scientists are STUNNED — secret underground facilities were discovered housing thousands of alien spacecraft ready to harvest human souls! Pharma billionaires have already threatened to assassinate the brave doctor who leaked this. Forward this to everyone in your contact list RIGHT NOW before it is banned!,1
THE MAINSTREAM MEDIA IS SILENT: Doctors and scientists are STUNNED — whistleblowers confirm that voting booths secretly switch all ballots using invisible microwave lasers! They are hiding the cure so they can keep charging innocent families millions. Don't wait for the fake news media to tell you — share this viral warning everywhere!,1
They don't want you to know this: big pharma executives held a secret meeting to ban a common backyard weed that permanently reverses all diabetes. Corrupt politicians are working overtime to delete this post off every server right now. PLEASE Do NOT let them silence the truth — repost immediately across every group!,1
A new study in particle physics led by Researchers at CERN verified through independent review refined mass boundaries for heavy neutrino candidates. Senior officials noted that regulatory oversight will be maintained throughout the implementation phase.,0
They don't want you to know this: secret government satellites are beaming frequencies into household taps to control civilian thought patterns. Big corporations are desperately suing to ban this truth from reaching the public. PLEASE SHARE THIS BEFORE IT GETS DELETED!!!,1
HORRIFIC TRUTH!!! Secret underground facilities were discovered housing thousands of alien spacecraft ready to harvest human souls! Every major government agency is covering this up to protect their billionaire donors. Don't wait for the fake news media to tell you — share this viral warning everywhere!,1
"According to lead scientists at The James Webb Space Telescope team, recent infrared observations revealed high-redshift galaxies formed within 400 million years of the Big Bang. The project was funded through competitive academic research grants and cleared ethical review boards. Details were spokespersons told reporters following a bilateral review meeting.",0
"In a formal assessment of longitudinal genomic studies, senior investigators from The National Institutes of Health documented three previously unmapped genetic markers associated with late-onset Alzheimer's. scientists emphasized in an interview with the press.",0
"Johns Hopkins Medicine announced that a Phase 2 clinical trial produced significant progress, confirming a 35% reduction in recurring cardiovascular events with targeted therapy. Senior officials noted that regulatory oversight will be maintained throughout the implementation phase.",0
A new study in urban infrastructure led by Municipal transport authorities outlined key milestones in a 22% reduction in peak-hour commute times following metro line phase two opening. A formal briefing paper has been submitted to relevant regulatory bodies for technical review.,0
WAKE UP SHEEPLE! Leaked evidence proves the government announced an emergency law shutting down the entire internet permanently starting this Friday. Pharma billionaires have already threatened to assassinate the brave doctor who leaked this. Share before Facebook and Google erase every copy of this shocking footage!,1
"Johns Hopkins Medicine announced that a Phase 2 clinical trial produced significant progress, confirming a 35% reduction in recurring cardiovascular events with targeted therapy. Experts emphasized that further long-term monitoring will continue over the next two quarters.",0
"The Food and Drug Administration has documented approval for a novel non-opioid pain management treatment, spokespersons told reporters following a bilateral review meeting. Independent auditors verified that all standard testing procedures were rigorously followed.",0
THE MAINSTREAM MEDIA IS SILENT: Doctors and scientists are STUNNED — drinking this secret kitchen spice cleanses every disease known to mankind overnight and doctors are furious! The official story is falling apart and insiders are finally blowing the whistle. Forward this to everyone in your contact list RIGHT NOW before it is banned!,1
"In a formal assessment of radar and satellite forecast models, senior meteorologists from The Meteorological Department reported timely onset of southwest monsoon rains across coastal agricultural belts. the full dataset has been made accessible on the government portal for public review.",0
